,Unnamed: 0,URLs
0,10,https://www.sebi.gov.in/enforcement/orders/sep-2023/adjudication-order-in-respect-of-life-insurance-corporation-of-india_76625.html
1,33,https://www.sebi.gov.in/enforcement/orders/aug-2023/adjudication-order-in-respect-of-promoter-entities-in-the-matter-of-a-and-m-febcon-limited-_76592.html
2,39,https://www.sebi.gov.in/enforcement/orders/aug-2023/adjudication-order-in-the-matter-of-samco-securities-limited_76566.html
3,40,https://www.sebi.gov.in/enforcement/orders/aug-2023/adjudication-order-in-the-matter-of-shapoorji-pallonji-and-company-pvt-ltd_76564.html
4,46,https://www.sebi.gov.in/enforcement/orders/aug-2023/adjudication-order-in-the-matter-of-sunshine-infrabuild-corporation-limited-in-respect-of-bakil-singh-sanjeev-singh-rajveer-singh_76214.html
5,48,https://www.sebi.gov.in/enforcement/orders/aug-2023/adjudication-order-in-the-matter-of-millennium-stock-broking-private-limited_76212.html
6,56,https://www.sebi.gov.in/enforcement/orders/aug-2023/adjudication-order-in-respect-of-piramal-pharma-ltd-in-the-matter-of-piramal-enterprises-ltd-_76168.html
7,57,https://www.sebi.gov.in/enforcement/orders/aug-2023/adjudication-order-in-the-matter-of-hubtown-ltd_76188.html
8,59,https://www.sebi.gov.in/enforcement/orders/aug-2023/adjudication-order-in-the-matter-of-trade-india-research-proprietor-neha-gupta_76164.html
9,86,https://www.sebi.gov.in/enforcement/orders/aug-2023/adjudication-order-in-the-matter-of-titan-company-limited_76071.html
10,87,https://www.sebi.gov.in/enforcement/orders/aug-2023/adjudication-order-in-the-matter-of-titan-company-limited_76073.html
11,88,https://www.sebi.gov.in/enforcement/orders/aug-2023/adjudication-order-in-the-matter-of-titan-company-limited_76069.html
12,89,https://www.sebi.gov.in/enforcement/orders/aug-2023/adjudication-order-in-the-matter-of-titan-company-limited-_76065.html
13,90,https://www.sebi.gov.in/enforcement/orders/aug-2023/adjudication-order-in-the-matter-of-titan-company-limited-_76067.html
14,92,https://www.sebi.gov.in/enforcement/orders/aug-2023/adjudication-in-the-matter-of-titan-company-limited-_76045.html
15,94,https://www.sebi.gov.in/enforcement/orders/aug-2023/adjudication-order-in-the-matter-of-tcns-clothing-limited-_76037.html
16,95,https://www.sebi.gov.in/enforcement/orders/aug-2023/adjudication-order-in-the-matter-of-titan-company-limited_76043.html
17,96,https://www.sebi.gov.in/enforcement/orders/aug-2023/adjudication-order-in-the-matter-of-titan-company-limited_76047.html
18,97,https://www.sebi.gov.in/enforcement/orders/aug-2023/adjudication-order-in-the-matter-of-titan-company-limited-_76039.html
19,98,https://www.sebi.gov.in/enforcement/orders/aug-2023/adjudication-order-in-the-matter-of-titan-company-limited-_76041.html
20,101,https://www.sebi.gov.in/enforcement/orders/aug-2023/adjudication-order-in-respect-of-3-entities-in-the-matter-of-insider-trading-in-the-scrip-of-united-spirits-limited_75928.html
21,106,https://www.sebi.gov.in/enforcement/orders/aug-2023/adjudication-order-in-the-matter-of-rupa-and-company-limited_75894.html
22,123,https://www.sebi.gov.in/enforcement/orders/aug-2023/adjudication-order-in-respect-of-l-and-t-investment-management-limited-in-the-matter-of-inspection-report-of-l-and-t-mutual-fund_75822.html
23,124,https://www.sebi.gov.in/enforcement/orders/aug-2023/adjudication-order-against-four-entities-in-the-matter-of-excel-realty-n-infra-limited_75813.html
24,125,https://www.sebi.gov.in/enforcement/orders/aug-2023/adjudication-order-in-respect-of-shri-bharat-gupta-in-the-matter-of-edynamics-solutions-ltd-_75815.html
25,127,https://www.sebi.gov.in/enforcement/orders/aug-2023/adjudication-order-in-the-matter-of-riddhi-corporate-services-limited_75798.html
26,128,https://www.sebi.gov.in/enforcement/orders/aug-2023/adjudication-order-in-the-matter-of-star-india-market-research_75792.html
27,129,https://www.sebi.gov.in/enforcement/orders/aug-2023/adjudication-order-in-the-matter-of-trading-in-iso-at-bse-in-respect-of-late-vimla-devi-golechha_75796.html
28,191,https://www.sebi.gov.in/enforcement/orders/aug-2023/adjudication-order-in-respect-of-late-shri-babulal-mishrimal-vardhan-in-the-matter-of-dealings-in-ill-liquid-stock-options-at-bse_75648.html
29,241,https://www.sebi.gov.in/enforcement/orders/aug-2023/adjudication-order-in-the-matter-of-trinity-alternative-investment-managers-limited_75426.html
30,242,https://www.sebi.gov.in/enforcement/orders/aug-2023/adjudication-order-in-respect-of-four-entities-in-the-matter-of-balasore-alloys-ltd_75424.html
31,243,https://www.sebi.gov.in/enforcement/orders/aug-2023/adjudication-order-in-respect-of-three-entities-in-the-matter-of-money-capital-height-research-investment-advisers-pvt-ltd-_75378.html
32,250,https://www.sebi.gov.in/enforcement/orders/aug-2023/adjudication-order-in-the-matter-of-manish-goel-research-analyst_75242.html
33,251,https://www.sebi.gov.in/enforcement/orders/aug-2023/adjudication-order-in-the-matter-of-concord-drugs-limited_75237.html
34,252,https://www.sebi.gov.in/enforcement/orders/aug-2023/adjudication-order-in-the-matter-of-trading-activities-of-certain-entities-in-the-scrip-of-akg-exim-ltd-_75218.html
35,261,https://www.sebi.gov.in/enforcement/orders/aug-2023/adjudication-order-in-respect-of-4-entities-in-the-matter-of-tanla-platforms-limited_75178.html
36,263,https://www.sebi.gov.in/enforcement/orders/aug-2023/adjudication-order-in-the-matter-of-trading-in-iso-at-bse-in-respect-of-r-k-ruia-huf_75200.html
37,265,https://www.sebi.gov.in/enforcement/orders/aug-2023/adjudication-order-in-respect-of-late-rukmini-devi-agarwal-in-the-matter-of-dealing-in-illiquid-options-on-the-bse_75125.html
38,281,https://www.sebi.gov.in/enforcement/orders/aug-2023/adjudication-order-against-mr-bhargav-panchal-and-ms-hina-panchal-in-the-matter-of-irregularities-committed-in-the-ipo-of-several-companies-_74969.html
39,287,https://www.sebi.gov.in/enforcement/orders/aug-2023/adjudication-order-in-respect-of-gauriben-rameshkumar-jadav-in-the-matter-of-iso-at-bse_75532.html
40,289,https://www.sebi.gov.in/enforcement/orders/aug-2023/adjudication-order-in-respect-of-gaurav-kumar-chopra-in-the-matter-of-iso-at-bse_74894.html
41,290,https://www.sebi.gov.in/enforcement/orders/aug-2023/adjudication-order-in-respect-of-siddharth-jaju-and-sons-huf-in-the-matter-of-iso-at-bse_74896.html
42,291,https://www.sebi.gov.in/enforcement/orders/jul-2023/adjudication-order-in-respect-of-gaurav-kumar-chopra-huf-in-the-matter-of-iso-at-bse_74989.html
43,292,https://www.sebi.gov.in/enforcement/orders/jul-2023/adjudication-order-in-respect-of-sikhar-infrastructure-pvt-ltd-in-the-matter-of-iso-at-bse_74988.html
44,293,https://www.sebi.gov.in/enforcement/orders/jul-2023/adjudication-order-in-respect-of-mr-tejas-harshadbhai-patel-in-the-matter-of-a-and-m-febcon-limited_74943.html
45,294,https://www.sebi.gov.in/enforcement/orders/jul-2023/adjudication-order-in-the-matter-of-aadhaar-ventures-india-ltd-in-respect-of-jyoti-munver_74901.html
46,295,https://www.sebi.gov.in/enforcement/orders/jul-2023/adjudication-order-in-the-matter-of-smc-capitals-limited_74853.html
47,297,https://www.sebi.gov.in/enforcement/orders/jul-2023/adjudication-order-in-respect-of-metropolitan-stock-exchange-of-india-limited-ms-latika-kundu-and-mr-saket-bhansali-in-the-matter-of-metropolitan-stock-exchange-of-india-limited_74844.html
48,298,https://www.sebi.gov.in/enforcement/orders/jul-2023/adjudication-order-in-respect-of-crosseas-capital-services-ltd-in-the-matter-of-trading-in-the-scrip-of-wockhardt-ltd_74820.html
49,301,https://www.sebi.gov.in/enforcement/orders/jul-2023/adjudication-order-in-respect-of-three-entities-in-the-matter-of-wockhardt-limited_74826.html
50,302,https://www.sebi.gov.in/enforcement/orders/jul-2023/adjudication-order-in-respect-of-11-entities-in-the-matter-of-akashdeep-metal-industries-limited_74797.html
51,303,https://www.sebi.gov.in/enforcement/orders/jul-2023/adjudication-order-in-respect-of-mr-arun-panchariya-in-the-matter-of-gdr-issue-of-teledata-technology-solutions-ltd_74791.html
52,305,https://www.sebi.gov.in/enforcement/orders/jul-2023/adjudication-order-in-the-matter-of-m-s-infomerics-valuation-and-rating-pvt-ltd-_74777.html
53,306,https://www.sebi.gov.in/enforcement/orders/jul-2023/adjudication-order-in-respect-of-arun-panchariya-in-the-matter-of-gdr-issue-of-nakoda-ltd_74783.html
54,307,https://www.sebi.gov.in/enforcement/orders/jul-2023/adjudication-order-in-respect-of-five-entities-in-the-matter-of-art-nirman-limited_74759.html
55,308,https://www.sebi.gov.in/enforcement/orders/jul-2023/adjudication-order-in-respect-of-mr-arun-panchariya-in-the-matter-of-m-s-texmo-pipes-and-products-ltd-_74781.html
56,309,https://www.sebi.gov.in/enforcement/orders/jul-2023/adjudication-order-in-respect-of-mr-kapil-wadhawan-and-mr-dheeraj-wadhawan-in-the-matter-of-transaction-of-the-shares-held-by-dhfl-in-dhfl-pramerica-life-insurance-company-ltd-and-related-matters-t-_74775.html
57,312,https://www.sebi.gov.in/enforcement/orders/jul-2023/adjudication-order-in-respect-of-two-entities-in-the-matter-of-sheen-agro-and-plantation-limited_74761.html
58,313,https://www.sebi.gov.in/enforcement/orders/jul-2023/adjudication-order-in-the-matter-of-trading-in-iso-at-bse-in-respect-of-saroj-devi-bajoria_74771.html
59,315,https://www.sebi.gov.in/enforcement/orders/jul-2023/adjudication-order-in-respect-of-five-entities-in-the-matter-of-art-nirman-limited_74748.html
60,316,https://www.sebi.gov.in/enforcement/orders/jul-2023/adjudication-order-against-anuj-bajoria-huf-in-the-matter-of-trading-in-illiquid-stock-option-at-bse_74767.html
61,317,https://www.sebi.gov.in/enforcement/orders/jul-2023/adjudication-order-against-bimla-devi-agarwal-in-the-matter-of-trading-in-illiquid-stock-option-at-bse_74765.html
62,318,https://www.sebi.gov.in/enforcement/orders/jul-2023/adjudication-order-against-ritu-bajoria-in-the-matter-of-trading-in-illiquid-stock-option-at-bse_74769.html
63,320,https://www.sebi.gov.in/enforcement/orders/jul-2023/adjudication-order-against-anuj-bajoria-in-the-matter-of-trading-in-illiquid-stock-option-at-bse_74609.html
64,321,https://www.sebi.gov.in/enforcement/orders/jul-2023/adjudication-order-against-bhavisha-gurbani-in-the-matter-of-trading-in-illiquid-stock-option-at-bse_74611.html
65,322,https://www.sebi.gov.in/enforcement/orders/jul-2023/adjudication-order-against-bijalbhai-merubhai-tramta-in-the-matter-of-trading-in-illiquid-stock-option-at-bse_74602.html
66,323,https://www.sebi.gov.in/enforcement/orders/jul-2023/adjudication-order-against-rishi-bajoria-huf-in-the-matter-of-trading-in-illiquid-stock-option-at-bse_74604.html
67,326,https://www.sebi.gov.in/enforcement/orders/jul-2023/adjudication-order-in-respect-of-mukund-kumar-jha-in-the-matter-of-himadri-speciality-chemical-limited-_74465.html
68,327,https://www.sebi.gov.in/enforcement/orders/jul-2023/adjudication-order-in-respect-of-certain-entities-in-the-matter-of-trading-activities-in-the-scrip-of-vikas-ecotech-limited_74454.html
69,331,https://www.sebi.gov.in/enforcement/orders/jul-2023/adjudication-order-in-the-matter-of-andhra-pradesh-power-finance-corporation-limited_74452.html
70,332,https://www.sebi.gov.in/enforcement/orders/jul-2023/adjudication-order-in-respect-of-three-entities-in-the-matter-of-steel-city-securities-limited_74436.html
71,333,https://www.sebi.gov.in/enforcement/orders/jul-2023/adjudication-order-in-respect-of-two-entities-in-the-matter-of-janapriya-engineers-syndicate-pvt-ltd_74434.html
72,334,https://www.sebi.gov.in/enforcement/orders/jul-2023/adjudication-order-in-respect-of-arun-panchariya-in-the-matter-of-disclosures-by-southern-ispat-and-energy-ltd-in-respect-of-its-gdr-issue_74448.html
73,335,https://www.sebi.gov.in/enforcement/orders/jul-2023/adjudication-order-in-respect-of-arun-panchariya-in-the-matter-of-gdr-issue-by-zenith-steel-pipes-and-industries-limited-erstwhile-zenith-birla-india-limited_74446.html
74,336,https://www.sebi.gov.in/enforcement/orders/jul-2023/adjudication-order-in-respect-of-arun-panchariya-in-the-matter-of-gdr-issue-of-edserv-softsystems-limited_74444.html
75,337,https://www.sebi.gov.in/enforcement/orders/jul-2023/adjudication-order-in-respect-of-mr-arun-pancharia-in-the-matter-of-gdr-issue-by-rainbow-papers-ltd-_74450.html
76,338,https://www.sebi.gov.in/enforcement/orders/jul-2023/adjudication-order-in-the-matter-of-dezire-research_74432.html
77,339,https://www.sebi.gov.in/enforcement/orders/jul-2023/adjudication-order-in-respect-of-sudhir-gupta-in-the-matter-of-asian-hotels-west-limited_74282.html
78,340,https://www.sebi.gov.in/enforcement/orders/jul-2023/adjudication-order-in-respect-of-cdsl-in-the-matter-of-brh-wealth-kreators-ltd_74280.html
79,344,https://www.sebi.gov.in/enforcement/orders/jul-2023/adjudication-order-against-rishi-bajoria-in-the-matter-of-trading-in-illiquid-stock-option-at-bse_74140.html
80,345,https://www.sebi.gov.in/enforcement/orders/jul-2023/adjudication-order-in-respect-of-harish-chandra-joshi-huf-in-the-matter-of-dealing-in-illiquid-stocks-options-at-bse_74136.html
81,346,https://www.sebi.gov.in/enforcement/orders/jul-2023/adjudication-order-in-the-matter-of-trading-in-iso-at-bse-in-respect-of-dinesh-jain_74134.html
82,347,https://www.sebi.gov.in/enforcement/orders/jul-2023/adjudication-order-in-the-matter-of-trading-in-iso-at-bse-in-respect-of-premlata-kejriwal_74132.html
83,350,https://www.sebi.gov.in/enforcement/orders/jul-2023/adjudication-order-in-respect-of-mathura-devi-daga-in-the-matter-of-iso-at-bse_74123.html
84,351,https://www.sebi.gov.in/enforcement/orders/jul-2023/adjudication-order-in-the-matter-of-trading-in-iso-at-bse-in-respect-of-shweta-thakkar_73988.html
85,352,https://www.sebi.gov.in/enforcement/orders/jul-2023/adjudication-order-in-respect-of-insider-trading-activities-of-certain-entities-in-the-scrip-of-sharon-bio-medicine-ltd-_73850.html
86,353,https://www.sebi.gov.in/enforcement/orders/jul-2023/adjudication-order-in-the-matter-of-insider-trading-activities-in-the-scrip-of-shilpi-cable-technologies-ltd-_73848.html
87,354,https://www.sebi.gov.in/enforcement/orders/jul-2023/adjudication-order-in-respect-of-two-entities-in-the-matter-of-hiran-orgochem-ltd-_73787.html
88,355,https://www.sebi.gov.in/enforcement/orders/jul-2023/adjudication-order-in-the-matter-of-trading-in-iso-at-bse-in-respect-of-premier-commosale-private-limited_73789.html
89,356,https://www.sebi.gov.in/enforcement/orders/jul-2023/adjudication-order-in-respect-of-fidelity-management-and-research-company-llc_73652.html
90,358,https://www.sebi.gov.in/enforcement/orders/jun-2023/adjudication-order-in-the-matter-of-milestone-capital-advisors-private-limited_73387.html
91,367,https://www.sebi.gov.in/enforcement/orders/jun-2023/adjudication-order-in-the-matter-of-aruna-hotels-limited_73356.html
92,368,https://www.sebi.gov.in/enforcement/orders/jun-2023/adjudication-order-with-respect-to-the-cyquator-media-services-pvt-ltd-in-the-matter-of-zee-entertainment-enterprises-ltd_73345.html
93,371,https://www.sebi.gov.in/enforcement/orders/jun-2023/adjudication-order-in-the-matter-of-vedanta-limited_73341.html
94,372,https://www.sebi.gov.in/enforcement/orders/jun-2023/adjudication-order-in-the-matter-of-box-trade-activities-in-lonq-dated-nifty-options-expirinq-on-december-28-2017-_73336.html
95,389,https://www.sebi.gov.in/enforcement/orders/jun-2023/adjudication-order-in-the-matter-of-brightcom-group-limited_73235.html
96,391,https://www.sebi.gov.in/enforcement/orders/jun-2023/adjudication-order-in-respect-of-mr-anil-kumar-dhawan-in-the-matter-of-kassa-finvest-private-limited_73233.html
97,395,https://www.sebi.gov.in/enforcement/orders/jun-2023/adjudication-order-in-respect-of-twelve-entities-in-the-matter-of-gold-line-international-finvest-ltd_73225.html
98,411,https://www.sebi.gov.in/enforcement/orders/jun-2023/adjudication-order-in-the-matter-of-good-value-irrigation-limited_73093.html
99,429,https://www.sebi.gov.in/enforcement/orders/jun-2023/adjudication-order-in-respect-of-pallor-trading-company-private-limited-in-the-matter-of-saurashtra-cement-limited_73036.html
100,454,https://www.sebi.gov.in/enforcement/orders/jun-2023/adjudication-order-in-the-matter-of-trading-in-iso-at-bse-in-respect-of-late-sandip-gupta_72896.html
101,459,https://www.sebi.gov.in/enforcement/orders/jun-2023/adjudication-order-in-respect-of-late-smt-ichu-devi-bhansali-in-the-matter-of-dealings-in-iso-at-the-bse_72837.html
102,460,https://www.sebi.gov.in/enforcement/orders/jun-2023/adjudication-order-in-respect-of-three-entities-in-the-matter-of-sangam-india-limited_72835.html
103,464,https://www.sebi.gov.in/enforcement/orders/jun-2023/adjudication-order-in-the-matter-of-kapil-raj-finance-limited_72681.html
104,469,https://www.sebi.gov.in/enforcement/orders/jun-2023/adjudication-order-in-the-matter-of-burnpur-cement-limited_72619.html
105,473,https://www.sebi.gov.in/enforcement/orders/jun-2023/adjudication-order-in-respect-of-bharat-babubhai-trivedi-in-the-matter-of-midvalley-entertainment-ltd_72537.html
106,476,https://www.sebi.gov.in/enforcement/orders/jun-2023/adjudication-order-in-the-matter-of-trading-in-iso-at-bse-in-respect-of-nitin-babulal-shah-huf_72539.html
107,478,https://www.sebi.gov.in/enforcement/orders/jun-2023/adjudication-order-in-respect-of-six-entities-in-the-matter-of-brightcom-group-limited_72483.html
108,483,https://www.sebi.gov.in/enforcement/orders/may-2023/adjudication-order-in-the-matter-of-manipulative-trading-activities-of-certain-entities-in-the-scrips-of-cosyn-limited-tera-software-limited-flex-foods-limited-and-jubilant-industries-limited-_72197.html
109,484,https://www.sebi.gov.in/enforcement/orders/may-2023/adjudication-order-in-the-matter-of-generic-engineering-construction-and-projects-ltd-_72186.html
110,485,https://www.sebi.gov.in/enforcement/orders/may-2023/adjudication-order-in-the-matter-of-capitalvia-global-research-limited-in-respect-of-capitalvia-global-research-limited-kiran-ravindra-kumar-choudhary-and-rohit-gadia_72122.html
111,486,https://www.sebi.gov.in/enforcement/orders/may-2023/in-the-matter-of-suumaya-industries-limited-and-suumaya-corporation-limited_72114.html
112,492,https://www.sebi.gov.in/enforcement/orders/may-2023/adjudication-order-in-the-matter-of-appu-marketing-and-manufacturing-limited_72089.html
113,493,https://www.sebi.gov.in/enforcement/orders/may-2023/adjudication-order-in-the-matter-of-gayatri-sugars-limited_72085.html
114,541,https://www.sebi.gov.in/enforcement/orders/may-2023/adjudication-order-in-respect-of-four-entities-the-matter-of-bull-research-investment-advisors-private-limited_71853.html
115,543,https://www.sebi.gov.in/enforcement/orders/may-2023/adjudication-order-in-respect-of-mr-balbir-singh-in-the-matter-of-alchemist-infra-realty-limited_71857.html
116,568,https://www.sebi.gov.in/enforcement/orders/may-2023/adjudication-order-in-respect-of-four-entities-in-the-matter-of-galactico-corporate-services-ltd-_71655.html
117,570,https://www.sebi.gov.in/enforcement/orders/may-2023/adjudication-order-in-the-matter-of-trading-in-iso-at-bse-in-respect-of-late-manju-kejriwal_71627.html
118,572,https://www.sebi.gov.in/enforcement/orders/may-2023/adjudication-order-in-the-matter-of-trading-in-iso-at-bse-in-respect-of-late-ms-premlata-saraff_71625.html
119,594,https://www.sebi.gov.in/enforcement/orders/may-2023/adjudication-order-in-respect-of-late-smt-munni-devi-in-the-matter-of-dealings-in-ill-liquid-stock-options-at-bse_71537.html
120,595,https://www.sebi.gov.in/enforcement/orders/may-2023/adjudication-order-in-respect-of-three-entities-in-the-matter-of-alps-motor-finance-ltd_71533.html
121,598,https://www.sebi.gov.in/enforcement/orders/may-2023/adjudication-order-in-respect-of-cpr-capital-services-ltd-_71457.html
122,609,https://www.sebi.gov.in/enforcement/orders/may-2023/adjudication-order-in-respect-of-anil-kumar-agarwal-in-the-matter-of-iso-at-bse_71374.html
123,610,https://www.sebi.gov.in/enforcement/orders/may-2023/adjudication-order-in-respect-of-late-smt-trishla-devi-jain-in-the-matter-of-dealings-in-ill-liquid-stock-options-at-bse_71368.html
124,611,https://www.sebi.gov.in/enforcement/orders/may-2023/adjudication-order-in-respect-of-mayapur-vintrade-private-limited-in-the-matter-of-iso-at-bse_71376.html
125,615,https://www.sebi.gov.in/enforcement/orders/may-2023/adjudication-order-in-respect-of-urmila-devi-in-the-matter-of-iso-at-bse_71370.html
126,616,https://www.sebi.gov.in/enforcement/orders/may-2023/adjudication-order-in-respect-of-urmilaben-shah-in-the-matter-of-iso-at-bse_71372.html
127,617,https://www.sebi.gov.in/enforcement/orders/may-2023/adjudication-order-in-the-matter-of-trading-in-iso-at-bse-in-respect-of-late-manju-devi-khemka_71344.html
128,619,https://www.sebi.gov.in/enforcement/orders/may-2023/adjudication-order-in-respect-of-late-mithlesh-kumari-in-the-matter-of-dealing-in-illiquid-stocks-options-at-bse_71348.html
129,620,https://www.sebi.gov.in/enforcement/orders/may-2023/adjudication-order-in-respect-of-late-shyama-devi-in-the-matter-of-dealing-in-illiquid-stocks-options-at-bse_71346.html
130,626,https://www.sebi.gov.in/enforcement/orders/may-2023/adjudication-order-in-the-matter-of-trading-in-iso-at-bse-in-respect-of-late-manohar-lal-balasia_71342.html
131,639,https://www.sebi.gov.in/enforcement/orders/may-2023/adjudication-order-in-the-matter-of-trading-in-iso-at-bse-in-respect-of-navneet-agarwal-and-sons-huf_71261.html
132,640,https://www.sebi.gov.in/enforcement/orders/may-2023/adjudication-order-in-the-matter-of-trading-in-iso-at-bse-in-respect-of-neeraj-gandhi-huf_71259.html
133,642,https://www.sebi.gov.in/enforcement/orders/may-2023/adjudication-order-in-the-matter-of-trading-in-iso-at-bse-in-respect-of-naresh-kumar-agarwal_71228.html
134,643,https://www.sebi.gov.in/enforcement/orders/may-2023/adjudication-order-in-the-matter-of-trading-in-iso-at-bse-in-respect-of-nemichand-kasturchand-jain_71226.html
135,652,https://www.sebi.gov.in/enforcement/orders/may-2023/adjudication-proceedings-in-respect-of-5-individuals-in-the-matter-of-karvy-stock-broking-ltd-_71147.html
136,674,https://www.sebi.gov.in/enforcement/orders/apr-2023/adjudication-order-in-the-matter-of-praxis-home-retail-limited_70796.html
137,675,https://www.sebi.gov.in/enforcement/orders/apr-2023/adjudication-order-in-respect-of-angel-broking-limited_70792.html
138,676,https://www.sebi.gov.in/enforcement/orders/apr-2023/adjudication-order-in-the-matter-of-shree-global-tradefin-limited_70794.html
139,686,https://www.sebi.gov.in/enforcement/orders/apr-2023/adjudication-order-in-respect-of-super-mercantiles-private-limited_70759.html
140,698,https://www.sebi.gov.in/enforcement/orders/apr-2023/adjudication-order-in-respect-of-singhvahini-sales-private-limited-in-the-matter-of-iso-at-bse_70738.html
141,699,https://www.sebi.gov.in/enforcement/orders/apr-2023/adjudication-order-in-the-matter-of-trading-activities-of-certain-entities-in-the-scrip-of-funny-software-limited_70736.html
142,714,https://www.sebi.gov.in/enforcement/orders/apr-2023/adjudication-order-in-the-matter-of-hckk-ventures-limited_70660.html
143,731,https://www.sebi.gov.in/enforcement/orders/apr-2023/adjudication-order-in-the-matter-role-of-karvy-capital-limited-in-the-matter-of-ncds-issued-by-utkarsh-small-finance-bank-limited-_70538.html
144,733,https://www.sebi.gov.in/enforcement/orders/apr-2023/adjudication-order-in-respect-of-high-growth-vincom-private-limited-in-the-matter-of-gautam-gems-limited_70519.html
145,735,https://www.sebi.gov.in/enforcement/orders/apr-2023/adjudication-order-in-respect-of-nj-asset-management-private-limited_70509.html
146,738,https://www.sebi.gov.in/enforcement/orders/apr-2023/adjudication-order-in-the-matter-of-cg-power-and-industrial-solutions-limited_70359.html
147,741,https://www.sebi.gov.in/enforcement/orders/apr-2023/adjudication-order-in-the-matter-of-agri-tech-india-limited_70317.html
148,745,https://www.sebi.gov.in/enforcement/orders/apr-2023/adjudication-order-in-the-matter-of-kernex-microsystems-india-limited_70282.html
149,786,https://www.sebi.gov.in/enforcement/orders/mar-2023/adjudication-order-in-the-matter-of-leel-electricals-limited_69731.html
150,787,https://www.sebi.gov.in/enforcement/orders/mar-2023/adjudication-order-in-respect-of-69-entities-in-the-matter-of-trading-activities-of-certain-entities-in-the-scrip-of-india-infraspace-limited_69727.html
151,791,https://www.sebi.gov.in/enforcement/orders/mar-2023/adjudication-order-in-respect-of-getrise-infotech-pvt-ltd-in-the-matter-of-iso-at-bse_69704.html
152,792,https://www.sebi.gov.in/enforcement/orders/mar-2023/adjudication-order-in-respect-of-torner-tieup-pvt-ltd-in-the-matter-of-iso-at-bse_69706.html
153,796,https://www.sebi.gov.in/enforcement/orders/mar-2023/adjudication-order-in-respect-of-giriraj-mundada-in-the-matter-of-iso-at-bse_69702.html
154,797,https://www.sebi.gov.in/enforcement/orders/mar-2023/adjudication-order-in-respect-of-7-entities-in-the-matter-of-tv-vision-limited_69681.html
155,798,https://www.sebi.gov.in/enforcement/orders/mar-2023/adjudication-order-in-the-matter-of-bhageria-industries-limited_69678.html
156,803,https://www.sebi.gov.in/enforcement/orders/mar-2023/adjudication-order-in-respect-of-late-dharam-devi-bansal-in-the-matter-of-dealings-in-iso-at-bse_69649.html
157,810,https://www.sebi.gov.in/enforcement/orders/mar-2023/adjudication-order-in-respect-of-highbrow-market-research-private-limited-and-its-directors-in-the-matter-of-highbrow-market-research-private-limited_69626.html
158,812,https://www.sebi.gov.in/enforcement/orders/mar-2023/adjudication-order-in-respect-of-venugopal-dhoot-in-the-matter-of-videocon-industries-ltd-_69628.html
159,813,https://www.sebi.gov.in/enforcement/orders/mar-2023/order-in-the-matter-of-vimal-oil-and-foods-limited_69630.html
160,818,https://www.sebi.gov.in/enforcement/orders/mar-2023/adjudication-order-in-the-matter-of-transwind-infrastructure-ltd-_69603.html
161,819,https://www.sebi.gov.in/enforcement/orders/mar-2023/adjudication-order-with-respect-to-23-entities-in-the-matter-of-trading-by-certain-entities-in-mentha-oil-futures-contracts-at-multi-commodity-exchange-of-india-limited_69605.html
162,827,https://www.sebi.gov.in/enforcement/orders/mar-2023/adjudication-order-in-the-matter-of-angels-enterprises-limited_69534.html
163,828,https://www.sebi.gov.in/enforcement/orders/mar-2023/adjudication-order-in-the-matter-of-superspace-infrastructure-limited_69532.html
164,829,https://www.sebi.gov.in/enforcement/orders/mar-2023/adjudication-order-in-the-matter-of-trading-in-iso-at-bse-in-respect-of-atmaram-chandgothia_69536.html
165,830,https://www.sebi.gov.in/enforcement/orders/mar-2023/adjudication-oder-in-the-matter-of-trading-in-iso-at-bse-in-respect-of-jerambhai-thakkarshibhai-muliya_69514.html
166,834,https://www.sebi.gov.in/enforcement/orders/mar-2023/adjudication-order-in-the-matter-of-trading-in-iso-in-respect-of-atam-prakash-manchanda_69501.html
167,835,https://www.sebi.gov.in/enforcement/orders/mar-2023/adjudication-order-in-respect-of-karvy-capital-limited-mr-kedar-deshpande-mr-g-krishna-hari-mr-kovilkathu-parameshwaran-jeewan-mr-p-b-ramapriyan-and-mr-rajiv-ranjan-singh-in-the-matter-of-ka-_69467.html
168,837,https://www.sebi.gov.in/enforcement/orders/mar-2023/adjudication-order-in-the-matter-of-fedders-electric-and-engineering-ltd-_69458.html
169,838,https://www.sebi.gov.in/enforcement/orders/mar-2023/adjudication-order-in-the-matter-of-trading-in-illiquid-stock-option-at-bse-in-respect-of-navneet-garodia-huf_69454.html
170,839,https://www.sebi.gov.in/enforcement/orders/mar-2023/adjudication-order-in-respect-of-7-entities-in-the-matter-of-ipo-of-shilpi-cable-technologies-limited_69445.html
171,851,https://www.sebi.gov.in/enforcement/orders/mar-2023/adjudication-order-in-the-matter-of-coffee-day-enterprises-limited_69388.html
172,853,https://www.sebi.gov.in/enforcement/orders/mar-2023/adjudication-order-in-the-matter-of-skyline-financial-services-pvt-ltd_69377.html
173,872,https://www.sebi.gov.in/enforcement/orders/mar-2023/adjudication-order-in-the-matter-of-sic-stocks-and-services-private-limited_69288.html
174,873,https://www.sebi.gov.in/enforcement/orders/mar-2023/adjudication-order-in-the-matter-of-m-s-ssj-finance-and-securities-private-limited-_69262.html
175,876,https://www.sebi.gov.in/enforcement/orders/mar-2023/adjudication-order-in-the-matter-of-profit-guru-proprietor-mr-satish-shukla_69196.html
176,877,https://www.sebi.gov.in/enforcement/orders/mar-2023/adjudication-order-in-respect-of-late-smt-kanta-devi-fogla-in-the-matter-of-dealing-in-illiquid-options-at-bse_69121.html
177,883,https://www.sebi.gov.in/enforcement/orders/mar-2023/adjudication-order-in-the-matter-of-layla-textiles-and-traders-limited_69092.html
178,886,https://www.sebi.gov.in/enforcement/orders/mar-2023/adjudication-order-in-respect-of-late-smt-shanti-devi-agarwal-in-the-matter-of-dealings-in-ill-liquid-stock-options-at-bse_69087.html
179,887,https://www.sebi.gov.in/enforcement/orders/mar-2023/adjudication-order-in-respect-of-two-entities-in-the-matter-of-midvalley-entertainment-ltd_69079.html
180,888,https://www.sebi.gov.in/enforcement/orders/mar-2023/adjudication-order-in-the-matter-of-s-b-securities-private-limited_69085.html
181,891,https://www.sebi.gov.in/enforcement/orders/mar-2023/adjudication-order-in-respect-of-late-shri-shantilal-s-badjate-in-the-matter-of-dealings-in-ill-liquid-stock-options-at-bse_68970.html
182,892,https://www.sebi.gov.in/enforcement/orders/mar-2023/adjudication-order-in-respect-of-late-smt-shanti-devi-pasari-in-the-matter-of-dealings-in-ill-liquid-stock-options-at-bse_68972.html
183,893,https://www.sebi.gov.in/enforcement/orders/mar-2023/adjudication-order-in-respect-of-late-smt-sharda-devi-bajaj-in-the-matter-of-dealings-in-ill-liquid-stock-options-at-bse_68968.html
184,895,https://www.sebi.gov.in/enforcement/orders/mar-2023/adjudication-order-in-respect-of-22-entities-in-the-matter-of-titan-company-limited_68792.html
185,900,https://www.sebi.gov.in/enforcement/orders/mar-2023/adjudication-order-in-the-matter-of-manpasand-beverages-limited_68627.html
186,901,https://www.sebi.gov.in/enforcement/orders/feb-2023/adjudication-order-in-the-matter-of-srestha-finvest-limited_68652.html
187,902,https://www.sebi.gov.in/enforcement/orders/feb-2023/adjudication-order-against-m-s-kripa-securities-pvt-ltd-stock-broker_68618.html
188,903,https://www.sebi.gov.in/enforcement/orders/feb-2023/adjudication-order-against-smifs-limited-stock-broker_68620.html
189,904,https://www.sebi.gov.in/enforcement/orders/feb-2023/adjudication-order-in-respect-of-10-entities-in-the-matter-of-funding-of-preferential-allottees-by-the-company-in-the-scrip-of-arnav-corporation-ltd-_68584.html
190,905,https://www.sebi.gov.in/enforcement/orders/feb-2023/adjudication-order-in-respect-of-four-entities-the-matter-of-vikas-proppant-and-granite-limited-_68580.html
191,906,https://www.sebi.gov.in/enforcement/orders/feb-2023/adjudication-order-in-the-matter-of-trading-in-mcx-by-sikkim-based-clients_68582.html
192,907,https://www.sebi.gov.in/enforcement/orders/feb-2023/adjudication-order-in-respect-of-shubro-sankha-das-sarma-in-the-matter-of-inspection-of-boi-axa-mutual-fund_68561.html
193,908,https://www.sebi.gov.in/enforcement/orders/feb-2023/adjudication-order-in-the-matter-of-m-s-wealthmax-solution-investment-adviser-proprietor-shri-piyush-jain_68551.html
194,910,https://www.sebi.gov.in/enforcement/orders/feb-2023/adjudication-order-in-respect-of-bluewaves-media-smart-technology-and-hanif-kasambhai-shekh-in-the-matter-of-greencrest-financial-services-limited_68529.html
195,912,https://www.sebi.gov.in/enforcement/orders/feb-2023/adjudication-order-in-respect-of-tridhaatu-renovators-private-limited-in-the-matter-of-non-submission-of-bank-details-by-issuers-to-debenture-trustees_68533.html
196,914,https://www.sebi.gov.in/enforcement/orders/feb-2023/adjudication-in-respect-of-assetz-premium-holdings-private-limited-in-the-matter-of-non-submission-of-bank-details-by-issuers-to-debenture-trustees_68501.html
197,915,https://www.sebi.gov.in/enforcement/orders/feb-2023/adjudication-in-respect-of-incredible-realcon-private-limited-in-the-matter-of-non-submission-of-bank-details-by-issuers-to-debenture-trustees_68499.html
198,916,https://www.sebi.gov.in/enforcement/orders/feb-2023/adjudication-order-against-10-entities-in-the-matter-of-inspection-of-gcm-securities-ltd-_68493.html
199,917,https://www.sebi.gov.in/enforcement/orders/feb-2023/adjudication-order-in-respect-of-bright-buildtech-private-limited-in-the-matter-of-non-submission-of-bank-details-by-issuers-to-debenture-trustees_68511.html
200,918,https://www.sebi.gov.in/enforcement/orders/feb-2023/adjudication-order-in-respect-of-darshan-orna-ltd-and-veeram-securities-ltd-in-the-matter-of-ro-jewels-ltd-_68497.html
201,920,https://www.sebi.gov.in/enforcement/orders/feb-2023/adjudication-order-in-respect-of-palai-developments-private-limited-in-the-matter-of-non-submission-of-bank-details-by-issuers-to-debenture-trustees_68505.html
202,921,https://www.sebi.gov.in/enforcement/orders/feb-2023/adjudication-order-in-respect-of-rajesh-estates-and-nirman-private-limited-in-the-matter-of-non-submission-of-bank-details-by-issuers-to-debenture-trustees_68507.html
203,922,https://www.sebi.gov.in/enforcement/orders/feb-2023/adjudication-order-in-respect-of-rajesh-housing-private-limited-in-the-matter-of-non-submission-of-bank-details-by-issuers-to-debenture-trustees_68509.html
204,923,https://www.sebi.gov.in/enforcement/orders/feb-2023/adjudication-order-in-respect-of-sheltrex-karjat-private-limited-in-the-matter-of-non-submission-of-bank-details-by-issuers-to-debenture-trustees_68503.html
205,924,https://www.sebi.gov.in/enforcement/orders/feb-2023/adjudication-order-in-the-matter-of-matra-kaushal-enterprise-ltd-_68495.html
206,925,https://www.sebi.gov.in/enforcement/orders/feb-2023/adjudication-order-in-the-matter-of-swastika-investmart-limited_68489.html
207,926,https://www.sebi.gov.in/enforcement/orders/feb-2023/adjudication-order-in-the-matter-of-bfl-asset-finvest-ltd-in-respect-of-3-entities_68513.html
208,928,https://www.sebi.gov.in/enforcement/orders/feb-2023/adjudication-order-in-the-matter-of-arihant-india-limited_68464.html
209,929,https://www.sebi.gov.in/enforcement/orders/feb-2023/adjudication-order-with-respect-to-4-entities-in-the-matter-of-funding-of-preferential-allottees-by-the-company-aadhaar-ventures-india-limited-_68466.html
210,945,https://www.sebi.gov.in/enforcement/orders/feb-2023/adjudication-order-in-the-matter-of-geodesic-ltd-_68328.html
211,946,https://www.sebi.gov.in/enforcement/orders/feb-2023/adjudication-order-in-respect-of-six-entities-in-the-matter-of-north-eastern-carrying-corporation-ltd_68253.html
212,947,https://www.sebi.gov.in/enforcement/orders/feb-2023/adjudication-order-against-chirag-parmar-in-the-matter-of-a-f-enterprises-ltd-_68181.html
213,948,https://www.sebi.gov.in/enforcement/orders/feb-2023/adjudication-order-in-the-matter-of-oxygenta-pharmaceutical-limited-erstwhile-known-as-ss-organics-limited_68183.html
214,949,https://www.sebi.gov.in/enforcement/orders/feb-2023/adjudication-order-in-the-matter-of-sai-televisions-limited_68179.html
215,954,https://www.sebi.gov.in/enforcement/orders/feb-2023/adjudication-order-in-respect-of-credence-sound-and-vision-limited_68005.html
216,955,https://www.sebi.gov.in/enforcement/orders/feb-2023/adjudication-order-in-respect-of-kuber-dealcom-pvt-ltd-in-the-matter-of-a-f-enterprises-ltd-_67962.html
217,956,https://www.sebi.gov.in/enforcement/orders/feb-2023/adjudication-order-in-the-matter-of-pooja-patidar-employee-of-m-s-ira-and-mr-vikash-gupta-portfolio-manager-of-algo-systems-_67964.html
218,959,https://www.sebi.gov.in/enforcement/orders/feb-2023/adjudication-order-in-respect-of-four-entities-in-the-matter-of-zylog-systems-limited_67894.html
219,960,https://www.sebi.gov.in/enforcement/orders/feb-2023/adjudication-order-in-respect-of-late-smt-shilpa-munshi-in-the-matter-of-dealings-in-ill-liquid-stock-options-at-bse_67929.html
220,963,https://www.sebi.gov.in/enforcement/orders/jan-2023/adjudication-order-in-respect-of-mr-mahendrabhai-ramniklal-shah-in-the-matter-of-veeram-ornaments-limited_67742.html
221,964,https://www.sebi.gov.in/enforcement/orders/jan-2023/adjudication-order-in-the-matter-of-capstocks-and-securities-india-pvt-ltd_67667.html
222,965,https://www.sebi.gov.in/enforcement/orders/jan-2023/adjudication-order-in-the-matter-of-v-b-industries-limited_67665.html
223,966,https://www.sebi.gov.in/enforcement/orders/jan-2023/adjudication-order-in-respect-of-balram-agarwal-ashish-bansal-and-naresh-kumar-bansal-in-the-matter-of-a-f-enterprises-ltd-_67659.html
224,967,https://www.sebi.gov.in/enforcement/orders/jan-2023/adjudication-order-in-respect-of-mr-s-a-amudan-in-the-matter-of-varun-global-limited-and-varun-resources-limited_67657.html
225,968,https://www.sebi.gov.in/enforcement/orders/jan-2023/adjudication-order-in-respect-of-mr-p-v-r-murthy-in-the-matter-of-gdr-issue-by-zenith-steel-pipes-and-industries-limited-erstwhile-zenith-birla-india-limited_67655.html
226,969,https://www.sebi.gov.in/enforcement/orders/jan-2023/adjudication-order-in-respect-of-mr-p-v-r-murthy-in-the-matter-of-gdr-issue-by-birla-cotsyn-india-ltd-_67653.html
227,970,https://www.sebi.gov.in/enforcement/orders/jan-2023/adjudication-order-in-respect-of-hle-glascoat-ltd-and-link-intime-india-pvt-ltd-in-the-matter-of-complaint-by-pushpaben-rasiklal-patel_67644.html
228,971,https://www.sebi.gov.in/enforcement/orders/jan-2023/adjudication-order-in-the-matter-of-bfl-asset-finvest-limited-in-respect-of-15-entities_67646.html
229,972,https://www.sebi.gov.in/enforcement/orders/jan-2023/adjudication-order-in-the-matter-of-reddito-capital-investment-advisors-pvt-ltd_67642.html
230,973,https://www.sebi.gov.in/enforcement/orders/jan-2023/adjudication-order-in-respect-of-mrs-renu-bhushan-mr-brij-bhushan-and-mr-bharat-bhushan_67630.html
231,974,https://www.sebi.gov.in/enforcement/orders/jan-2023/adjudication-order-in-the-matter-of-mansi-share-and-stock-advisors-pvt-ltd-_67622.html
232,975,https://www.sebi.gov.in/enforcement/orders/jan-2023/adjudication-order-in-respect-of-kaminiben-atulbhai-patni-rakesh-bhailabhai-patel-riddish-gopal-modi-atul-j-patni-nitin-k-modi-and-jayesh-shah-in-the-matter-of-jsg-leasing-limited_67603.html
233,976,https://www.sebi.gov.in/enforcement/orders/jan-2023/under-section-15-i-of-the-securities-and-exchange-board-of-india-act-1992-read-with-rule-5-of-sebi-procedure-for-holding-inquiry-and-imposing-penalties-by-adjudicating-officer-rules-1995-late-mr-san-_67579.html
234,977,https://www.sebi.gov.in/enforcement/orders/jan-2023/adjudication-order-against-43-entities-in-the-matter-of-sulabh-engineering-and-services-limited_67465.html
235,978,https://www.sebi.gov.in/enforcement/orders/jan-2023/adjudication-order-in-the-matter-of-hardik-multi-com-broking-private-limited_67456.html
236,979,https://www.sebi.gov.in/enforcement/orders/jan-2023/adjudication-order-in-the-matter-of-vintron-informatics-limited_67407.html
237,980,https://www.sebi.gov.in/enforcement/orders/jan-2023/adjudication-order-in-respect-of-hanif-kasambhai-shekh-in-the-matter-of-v-b-industries-limited_67402.html
238,982,https://www.sebi.gov.in/enforcement/orders/jan-2023/adjudication-order-in-the-matter-of-securekloud-technologies-limited_67393.html
239,984,https://www.sebi.gov.in/enforcement/orders/jan-2023/adjudication-order-in-the-matter-of-trading-activities-of-certain-entities-in-the-scrip-of-panafic-industrials-limited-_67364.html
240,986,https://www.sebi.gov.in/enforcement/orders/jan-2023/adjudication-order-in-the-matter-of-keshav-securities-pvt-ltd-_67340.html
241,987,https://www.sebi.gov.in/enforcement/orders/jan-2023/adjudication-order-in-respect-of-roselabs-finance-ltd-in-the-matter-of-gujarat-arth-ltd-_67333.html
242,988,https://www.sebi.gov.in/enforcement/orders/jan-2023/adjudication-order-in-respect-of-shashi-kant-dalmia-in-the-matter-of-parag-milk-foods-limited_67331.html
243,991,https://www.sebi.gov.in/enforcement/orders/jan-2023/adjudication-order-in-the-matter-of-d-s-capital-venture-private-ltd-_67154.html
244,993,https://www.sebi.gov.in/enforcement/orders/jan-2023/adjudication-order-in-the-matter-of-dhanleela-investments-and-trading-company-limited_67156.html
245,994,https://www.sebi.gov.in/enforcement/orders/jan-2023/adjudication-order-in-respect-of-rap-media-limited_67120.html
246,995,https://www.sebi.gov.in/enforcement/orders/jan-2023/adjudication-order-in-the-matter-of-complaint-of-ms-m-vimala-against-m-s-mcs-share-transfer-agent-limited-_66976.html
247,996,https://www.sebi.gov.in/enforcement/orders/jan-2023/adjudication-order-in-respect-of-multi-commodity-exchange-of-india-limited_66974.html
248,997,https://www.sebi.gov.in/enforcement/orders/jan-2023/adjudication-order-in-respect-of-capital-grow-financial-services-proprietor-mr-prashant-gole_66905.html
249,998,https://www.sebi.gov.in/enforcement/orders/jan-2023/adjudication-order-against-ashokkumar-saburbhai-chavda-in-the-matter-of-purple-entertainment-ltd-_66901.html
250,999,https://www.sebi.gov.in/enforcement/orders/jan-2023/adjudication-order-in-respect-of-manoj-jain-and-babulal-khimraj-jain-in-the-matter-of-vandana-knitwear-limited_66899.html
