,Unnamed: 0.1,Unnamed: 0,URLs,PDFUrls
0,0,10,https://www.sebi.gov.in/enforcement/orders/sep-2023/adjudication-order-in-respect-of-life-insurance-corporation-of-india_76625.html,https://www.sebi.gov.inhttps://www.sebi.gov.in/sebi_data/attachdocs/sep-2023/1694084414661_1.pdf' width='100%' style='max-height:90%; height:600px;' title=
1,1,33,https://www.sebi.gov.in/enforcement/orders/aug-2023/adjudication-order-in-respect-of-promoter-entities-in-the-matter-of-a-and-m-febcon-limited-_76592.html,https://www.sebi.gov.inhttps://www.sebi.gov.in/sebi_data/attachdocs/sep-2023/1693929161036_28.pdf' width='100%' style='max-height:90%; height:600px;' title=
2,2,39,https://www.sebi.gov.in/enforcement/orders/aug-2023/adjudication-order-in-the-matter-of-samco-securities-limited_76566.html,https://www.sebi.gov.inhttps://www.sebi.gov.in/sebi_data/attachdocs/sep-2023/1693929161036_15.pdf' width='100%' style='max-height:90%; height:600px;' title=
3,3,40,https://www.sebi.gov.in/enforcement/orders/aug-2023/adjudication-order-in-the-matter-of-shapoorji-pallonji-and-company-pvt-ltd_76564.html,https://www.sebi.gov.inhttps://www.sebi.gov.in/sebi_data/attachdocs/sep-2023/1693929161036_14.pdf' width='100%' style='max-height:90%; height:600px;' title=
4,4,46,https://www.sebi.gov.in/enforcement/orders/aug-2023/adjudication-order-in-the-matter-of-sunshine-infrabuild-corporation-limited-in-respect-of-bakil-singh-sanjeev-singh-rajveer-singh_76214.html,https://www.sebi.gov.inhttps://www.sebi.gov.in/sebi_data/attachdocs/aug-2023/1693486221435_5.pdf' width='100%' style='max-height:90%; height:600px;' title=
5,5,48,https://www.sebi.gov.in/enforcement/orders/aug-2023/adjudication-order-in-the-matter-of-millennium-stock-broking-private-limited_76212.html,https://www.sebi.gov.inhttps://www.sebi.gov.in/sebi_data/attachdocs/aug-2023/1693486221435_2.pdf' width='100%' style='max-height:90%; height:600px;' title=
6,6,56,https://www.sebi.gov.in/enforcement/orders/aug-2023/adjudication-order-in-respect-of-piramal-pharma-ltd-in-the-matter-of-piramal-enterprises-ltd-_76168.html,https://www.sebi.gov.inhttps://www.sebi.gov.in/sebi_data/attachdocs/aug-2023/1693479676314_4.pdf' width='100%' style='max-height:90%; height:600px;' title=
7,7,57,https://www.sebi.gov.in/enforcement/orders/aug-2023/adjudication-order-in-the-matter-of-hubtown-ltd_76188.html,https://www.sebi.gov.inhttps://www.sebi.gov.in/sebi_data/attachdocs/aug-2023/1693479676314_14.pdf' width='100%' style='max-height:90%; height:600px;' title=
8,8,59,https://www.sebi.gov.in/enforcement/orders/aug-2023/adjudication-order-in-the-matter-of-trade-india-research-proprietor-neha-gupta_76164.html,https://www.sebi.gov.inhttps://www.sebi.gov.in/sebi_data/attachdocs/aug-2023/1693479676314_2.pdf' width='100%' style='max-height:90%; height:600px;' title=
9,9,86,https://www.sebi.gov.in/enforcement/orders/aug-2023/adjudication-order-in-the-matter-of-titan-company-limited_76071.html,https://www.sebi.gov.inhttps://www.sebi.gov.in/sebi_data/attachdocs/aug-2023/1693309868981_6.pdf' width='100%' style='max-height:90%; height:600px;' title=
10,10,87,https://www.sebi.gov.in/enforcement/orders/aug-2023/adjudication-order-in-the-matter-of-titan-company-limited_76073.html,https://www.sebi.gov.inhttps://www.sebi.gov.in/sebi_data/attachdocs/aug-2023/1693309868981_7.pdf' width='100%' style='max-height:90%; height:600px;' title=
11,11,88,https://www.sebi.gov.in/enforcement/orders/aug-2023/adjudication-order-in-the-matter-of-titan-company-limited_76069.html,https://www.sebi.gov.inhttps://www.sebi.gov.in/sebi_data/attachdocs/aug-2023/1693309868981_5.pdf' width='100%' style='max-height:90%; height:600px;' title=
12,12,89,https://www.sebi.gov.in/enforcement/orders/aug-2023/adjudication-order-in-the-matter-of-titan-company-limited-_76065.html,https://www.sebi.gov.inhttps://www.sebi.gov.in/sebi_data/attachdocs/aug-2023/1693309868981_3.pdf' width='100%' style='max-height:90%; height:600px;' title=
13,13,90,https://www.sebi.gov.in/enforcement/orders/aug-2023/adjudication-order-in-the-matter-of-titan-company-limited-_76067.html,https://www.sebi.gov.inhttps://www.sebi.gov.in/sebi_data/attachdocs/aug-2023/1693309868981_4.pdf' width='100%' style='max-height:90%; height:600px;' title=
14,14,92,https://www.sebi.gov.in/enforcement/orders/aug-2023/adjudication-in-the-matter-of-titan-company-limited-_76045.html,https://www.sebi.gov.inhttps://www.sebi.gov.in/sebi_data/attachdocs/aug-2023/1693306903277_14.pdf' width='100%' style='max-height:90%; height:600px;' title=
15,15,94,https://www.sebi.gov.in/enforcement/orders/aug-2023/adjudication-order-in-the-matter-of-tcns-clothing-limited-_76037.html,https://www.sebi.gov.inhttps://www.sebi.gov.in/sebi_data/attachdocs/aug-2023/1693306903277_10.pdf' width='100%' style='max-height:90%; height:600px;' title=
16,16,95,https://www.sebi.gov.in/enforcement/orders/aug-2023/adjudication-order-in-the-matter-of-titan-company-limited_76043.html,https://www.sebi.gov.inhttps://www.sebi.gov.in/sebi_data/attachdocs/aug-2023/1693306903277_13.pdf' width='100%' style='max-height:90%; height:600px;' title=
17,17,96,https://www.sebi.gov.in/enforcement/orders/aug-2023/adjudication-order-in-the-matter-of-titan-company-limited_76047.html,https://www.sebi.gov.inhttps://www.sebi.gov.in/sebi_data/attachdocs/aug-2023/1693306903277_15.pdf' width='100%' style='max-height:90%; height:600px;' title=
18,18,97,https://www.sebi.gov.in/enforcement/orders/aug-2023/adjudication-order-in-the-matter-of-titan-company-limited-_76039.html,https://www.sebi.gov.inhttps://www.sebi.gov.in/sebi_data/attachdocs/aug-2023/1693306903277_11.pdf' width='100%' style='max-height:90%; height:600px;' title=
19,19,98,https://www.sebi.gov.in/enforcement/orders/aug-2023/adjudication-order-in-the-matter-of-titan-company-limited-_76041.html,https://www.sebi.gov.inhttps://www.sebi.gov.in/sebi_data/attachdocs/aug-2023/1693306903277_12.pdf' width='100%' style='max-height:90%; height:600px;' title=
20,20,101,https://www.sebi.gov.in/enforcement/orders/aug-2023/adjudication-order-in-respect-of-3-entities-in-the-matter-of-insider-trading-in-the-scrip-of-united-spirits-limited_75928.html,https://www.sebi.gov.inhttps://www.sebi.gov.in/sebi_data/attachdocs/aug-2023/1692969618462_1.pdf' width='100%' style='max-height:90%; height:600px;' title=
21,21,106,https://www.sebi.gov.in/enforcement/orders/aug-2023/adjudication-order-in-the-matter-of-rupa-and-company-limited_75894.html,https://www.sebi.gov.inhttps://www.sebi.gov.in/sebi_data/attachdocs/aug-2023/1692961289629_4.pdf' width='100%' style='max-height:90%; height:600px;' title=
22,22,123,https://www.sebi.gov.in/enforcement/orders/aug-2023/adjudication-order-in-respect-of-l-and-t-investment-management-limited-in-the-matter-of-inspection-report-of-l-and-t-mutual-fund_75822.html,https://www.sebi.gov.inhttps://www.sebi.gov.in/sebi_data/attachdocs/aug-2023/1692793222890_1.pdf' width='100%' style='max-height:90%; height:600px;' title=
23,23,124,https://www.sebi.gov.in/enforcement/orders/aug-2023/adjudication-order-against-four-entities-in-the-matter-of-excel-realty-n-infra-limited_75813.html,https://www.sebi.gov.inhttps://www.sebi.gov.in/sebi_data/attachdocs/aug-2023/1692791433024_1.pdf' width='100%' style='max-height:90%; height:600px;' title=
24,24,125,https://www.sebi.gov.in/enforcement/orders/aug-2023/adjudication-order-in-respect-of-shri-bharat-gupta-in-the-matter-of-edynamics-solutions-ltd-_75815.html,https://www.sebi.gov.inhttps://www.sebi.gov.in/sebi_data/attachdocs/aug-2023/1692791433024_2.pdf' width='100%' style='max-height:90%; height:600px;' title=
25,25,127,https://www.sebi.gov.in/enforcement/orders/aug-2023/adjudication-order-in-the-matter-of-riddhi-corporate-services-limited_75798.html,https://www.sebi.gov.inhttps://www.sebi.gov.in/sebi_data/attachdocs/aug-2023/1692789093708_4.pdf' width='100%' style='max-height:90%; height:600px;' title=
26,26,128,https://www.sebi.gov.in/enforcement/orders/aug-2023/adjudication-order-in-the-matter-of-star-india-market-research_75792.html,https://www.sebi.gov.inhttps://www.sebi.gov.in/sebi_data/attachdocs/aug-2023/1692789093708_1.pdf' width='100%' style='max-height:90%; height:600px;' title=
27,27,129,https://www.sebi.gov.in/enforcement/orders/aug-2023/adjudication-order-in-the-matter-of-trading-in-iso-at-bse-in-respect-of-late-vimla-devi-golechha_75796.html,https://www.sebi.gov.inhttps://www.sebi.gov.in/sebi_data/attachdocs/aug-2023/1692789093708_3.pdf' width='100%' style='max-height:90%; height:600px;' title=
28,28,191,https://www.sebi.gov.in/enforcement/orders/aug-2023/adjudication-order-in-respect-of-late-shri-babulal-mishrimal-vardhan-in-the-matter-of-dealings-in-ill-liquid-stock-options-at-bse_75648.html,https://www.sebi.gov.inhttps://www.sebi.gov.in/sebi_data/attachdocs/aug-2023/1692709560462_14.pdf' width='100%' style='max-height:90%; height:600px;' title=
29,29,241,https://www.sebi.gov.in/enforcement/orders/aug-2023/adjudication-order-in-the-matter-of-trinity-alternative-investment-managers-limited_75426.html,https://www.sebi.gov.inhttps://www.sebi.gov.in/sebi_data/attachdocs/aug-2023/1692373810796_1.pdf' width='100%' style='max-height:90%; height:600px;' title=
30,30,242,https://www.sebi.gov.in/enforcement/orders/aug-2023/adjudication-order-in-respect-of-four-entities-in-the-matter-of-balasore-alloys-ltd_75424.html,https://www.sebi.gov.inhttps://www.sebi.gov.in/sebi_data/attachdocs/aug-2023/1692359412046_1.pdf' width='100%' style='max-height:90%; height:600px;' title=
31,31,243,https://www.sebi.gov.in/enforcement/orders/aug-2023/adjudication-order-in-respect-of-three-entities-in-the-matter-of-money-capital-height-research-investment-advisers-pvt-ltd-_75378.html,https://www.sebi.gov.inhttps://www.sebi.gov.in/sebi_data/attachdocs/aug-2023/1692273074280_6.pdf' width='100%' style='max-height:90%; height:600px;' title=
32,32,250,https://www.sebi.gov.in/enforcement/orders/aug-2023/adjudication-order-in-the-matter-of-manish-goel-research-analyst_75242.html,https://www.sebi.gov.inhttps://www.sebi.gov.in/sebi_data/attachdocs/aug-2023/1691754628099_1.pdf' width='100%' style='max-height:90%; height:600px;' title=
33,33,251,https://www.sebi.gov.in/enforcement/orders/aug-2023/adjudication-order-in-the-matter-of-concord-drugs-limited_75237.html,
34,34,252,https://www.sebi.gov.in/enforcement/orders/aug-2023/adjudication-order-in-the-matter-of-trading-activities-of-certain-entities-in-the-scrip-of-akg-exim-ltd-_75218.html,
35,35,261,https://www.sebi.gov.in/enforcement/orders/aug-2023/adjudication-order-in-respect-of-4-entities-in-the-matter-of-tanla-platforms-limited_75178.html,
36,36,263,https://www.sebi.gov.in/enforcement/orders/aug-2023/adjudication-order-in-the-matter-of-trading-in-iso-at-bse-in-respect-of-r-k-ruia-huf_75200.html,https://www.sebi.gov.inhttps://www.sebi.gov.in/sebi_data/attachdocs/aug-2023/1691749950346_1.pdf' width='100%' style='max-height:90%; height:600px;' title=
37,37,265,https://www.sebi.gov.in/enforcement/orders/aug-2023/adjudication-order-in-respect-of-late-rukmini-devi-agarwal-in-the-matter-of-dealing-in-illiquid-options-on-the-bse_75125.html,https://www.sebi.gov.inhttps://www.sebi.gov.in/sebi_data/attachdocs/aug-2023/1691581860999_1.pdf' width='100%' style='max-height:90%; height:600px;' title=
38,38,281,https://www.sebi.gov.in/enforcement/orders/aug-2023/adjudication-order-against-mr-bhargav-panchal-and-ms-hina-panchal-in-the-matter-of-irregularities-committed-in-the-ipo-of-several-companies-_74969.html,https://www.sebi.gov.inhttps://www.sebi.gov.in/sebi_data/attachdocs/aug-2023/1691149841793_5.pdf' width='100%' style='max-height:90%; height:600px;' title=
39,39,287,https://www.sebi.gov.in/enforcement/orders/aug-2023/adjudication-order-in-respect-of-gauriben-rameshkumar-jadav-in-the-matter-of-iso-at-bse_75532.html,
40,40,289,https://www.sebi.gov.in/enforcement/orders/aug-2023/adjudication-order-in-respect-of-gaurav-kumar-chopra-in-the-matter-of-iso-at-bse_74894.html,https://www.sebi.gov.inhttps://www.sebi.gov.in/sebi_data/attachdocs/aug-2023/1690977052497_1.pdf' width='100%' style='max-height:90%; height:600px;' title=
41,41,290,https://www.sebi.gov.in/enforcement/orders/aug-2023/adjudication-order-in-respect-of-siddharth-jaju-and-sons-huf-in-the-matter-of-iso-at-bse_74896.html,https://www.sebi.gov.inhttps://www.sebi.gov.in/sebi_data/attachdocs/aug-2023/1690977052497_2.pdf' width='100%' style='max-height:90%; height:600px;' title=
42,42,291,https://www.sebi.gov.in/enforcement/orders/jul-2023/adjudication-order-in-respect-of-gaurav-kumar-chopra-huf-in-the-matter-of-iso-at-bse_74989.html,
43,43,292,https://www.sebi.gov.in/enforcement/orders/jul-2023/adjudication-order-in-respect-of-sikhar-infrastructure-pvt-ltd-in-the-matter-of-iso-at-bse_74988.html,
44,44,293,https://www.sebi.gov.in/enforcement/orders/jul-2023/adjudication-order-in-respect-of-mr-tejas-harshadbhai-patel-in-the-matter-of-a-and-m-febcon-limited_74943.html,https://www.sebi.gov.inhttps://www.sebi.gov.in/sebi_data/attachdocs/aug-2023/1691063410588_2.pdf' width='100%' style='max-height:90%; height:600px;' title=
45,45,294,https://www.sebi.gov.in/enforcement/orders/jul-2023/adjudication-order-in-the-matter-of-aadhaar-ventures-india-ltd-in-respect-of-jyoti-munver_74901.html,https://www.sebi.gov.inhttps://www.sebi.gov.in/sebi_data/attachdocs/aug-2023/1690986007702_1.pdf' width='100%' style='max-height:90%; height:600px;' title=
46,46,295,https://www.sebi.gov.in/enforcement/orders/jul-2023/adjudication-order-in-the-matter-of-smc-capitals-limited_74853.html,https://www.sebi.gov.inhttps://www.sebi.gov.in/sebi_data/attachdocs/aug-2023/1690905012802_1.pdf' width='100%' style='max-height:90%; height:600px;' title=
47,47,297,https://www.sebi.gov.in/enforcement/orders/jul-2023/adjudication-order-in-respect-of-metropolitan-stock-exchange-of-india-limited-ms-latika-kundu-and-mr-saket-bhansali-in-the-matter-of-metropolitan-stock-exchange-of-india-limited_74844.html,
48,48,298,https://www.sebi.gov.in/enforcement/orders/jul-2023/adjudication-order-in-respect-of-crosseas-capital-services-ltd-in-the-matter-of-trading-in-the-scrip-of-wockhardt-ltd_74820.html,https://www.sebi.gov.inhttps://www.sebi.gov.in/sebi_data/attachdocs/aug-2023/1690890682042_1.pdf' width='100%' style='max-height:90%; height:600px;' title=
49,49,301,https://www.sebi.gov.in/enforcement/orders/jul-2023/adjudication-order-in-respect-of-three-entities-in-the-matter-of-wockhardt-limited_74826.html,https://www.sebi.gov.inhttps://www.sebi.gov.in/sebi_data/attachdocs/aug-2023/1690890682042_4.pdf' width='100%' style='max-height:90%; height:600px;' title=
50,50,302,https://www.sebi.gov.in/enforcement/orders/jul-2023/adjudication-order-in-respect-of-11-entities-in-the-matter-of-akashdeep-metal-industries-limited_74797.html,https://www.sebi.gov.inhttps://www.sebi.gov.in/sebi_data/attachdocs/jul-2023/1690816808195_1.pdf' width='100%' style='max-height:90%; height:600px;' title=
51,51,303,https://www.sebi.gov.in/enforcement/orders/jul-2023/adjudication-order-in-respect-of-mr-arun-panchariya-in-the-matter-of-gdr-issue-of-teledata-technology-solutions-ltd_74791.html,https://www.sebi.gov.inhttps://www.sebi.gov.in/sebi_data/attachdocs/jul-2023/1690811422741_1.pdf' width='100%' style='max-height:90%; height:600px;' title=
52,52,305,https://www.sebi.gov.in/enforcement/orders/jul-2023/adjudication-order-in-the-matter-of-m-s-infomerics-valuation-and-rating-pvt-ltd-_74777.html,https://www.sebi.gov.inhttps://www.sebi.gov.in/sebi_data/attachdocs/jul-2023/1690807919655_10.pdf' width='100%' style='max-height:90%; height:600px;' title=
53,53,306,https://www.sebi.gov.in/enforcement/orders/jul-2023/adjudication-order-in-respect-of-arun-panchariya-in-the-matter-of-gdr-issue-of-nakoda-ltd_74783.html,
54,54,307,https://www.sebi.gov.in/enforcement/orders/jul-2023/adjudication-order-in-respect-of-five-entities-in-the-matter-of-art-nirman-limited_74759.html,https://www.sebi.gov.inhttps://www.sebi.gov.in/sebi_data/attachdocs/jul-2023/1690807919655_1.pdf' width='100%' style='max-height:90%; height:600px;' title=
55,55,308,https://www.sebi.gov.in/enforcement/orders/jul-2023/adjudication-order-in-respect-of-mr-arun-panchariya-in-the-matter-of-m-s-texmo-pipes-and-products-ltd-_74781.html,https://www.sebi.gov.inhttps://www.sebi.gov.in/sebi_data/attachdocs/jul-2023/1690807919655_12.pdf' width='100%' style='max-height:90%; height:600px;' title=
56,56,309,https://www.sebi.gov.in/enforcement/orders/jul-2023/adjudication-order-in-respect-of-mr-kapil-wadhawan-and-mr-dheeraj-wadhawan-in-the-matter-of-transaction-of-the-shares-held-by-dhfl-in-dhfl-pramerica-life-insurance-company-ltd-and-related-matters-t-_74775.html,https://www.sebi.gov.inhttps://www.sebi.gov.in/sebi_data/attachdocs/jul-2023/1690807919655_9.pdf' width='100%' style='max-height:90%; height:600px;' title=
57,57,312,https://www.sebi.gov.in/enforcement/orders/jul-2023/adjudication-order-in-respect-of-two-entities-in-the-matter-of-sheen-agro-and-plantation-limited_74761.html,https://www.sebi.gov.inhttps://www.sebi.gov.in/sebi_data/attachdocs/jul-2023/1690807919655_2.pdf' width='100%' style='max-height:90%; height:600px;' title=
58,58,313,https://www.sebi.gov.in/enforcement/orders/jul-2023/adjudication-order-in-the-matter-of-trading-in-iso-at-bse-in-respect-of-saroj-devi-bajoria_74771.html,https://www.sebi.gov.inhttps://www.sebi.gov.in/sebi_data/attachdocs/jul-2023/1690807919655_7.pdf' width='100%' style='max-height:90%; height:600px;' title=
59,59,315,https://www.sebi.gov.in/enforcement/orders/jul-2023/adjudication-order-in-respect-of-five-entities-in-the-matter-of-art-nirman-limited_74748.html,
60,60,316,https://www.sebi.gov.in/enforcement/orders/jul-2023/adjudication-order-against-anuj-bajoria-huf-in-the-matter-of-trading-in-illiquid-stock-option-at-bse_74767.html,https://www.sebi.gov.inhttps://www.sebi.gov.in/sebi_data/attachdocs/jul-2023/1690807919655_5.pdf' width='100%' style='max-height:90%; height:600px;' title=
61,61,317,https://www.sebi.gov.in/enforcement/orders/jul-2023/adjudication-order-against-bimla-devi-agarwal-in-the-matter-of-trading-in-illiquid-stock-option-at-bse_74765.html,https://www.sebi.gov.inhttps://www.sebi.gov.in/sebi_data/attachdocs/jul-2023/1690807919655_4.pdf' width='100%' style='max-height:90%; height:600px;' title=
62,62,318,https://www.sebi.gov.in/enforcement/orders/jul-2023/adjudication-order-against-ritu-bajoria-in-the-matter-of-trading-in-illiquid-stock-option-at-bse_74769.html,
63,63,320,https://www.sebi.gov.in/enforcement/orders/jul-2023/adjudication-order-against-anuj-bajoria-in-the-matter-of-trading-in-illiquid-stock-option-at-bse_74609.html,
64,64,321,https://www.sebi.gov.in/enforcement/orders/jul-2023/adjudication-order-against-bhavisha-gurbani-in-the-matter-of-trading-in-illiquid-stock-option-at-bse_74611.html,
65,65,322,https://www.sebi.gov.in/enforcement/orders/jul-2023/adjudication-order-against-bijalbhai-merubhai-tramta-in-the-matter-of-trading-in-illiquid-stock-option-at-bse_74602.html,https://www.sebi.gov.inhttps://www.sebi.gov.in/sebi_data/attachdocs/jul-2023/1690545023732_1.pdf' width='100%' style='max-height:90%; height:600px;' title=
66,66,323,https://www.sebi.gov.in/enforcement/orders/jul-2023/adjudication-order-against-rishi-bajoria-huf-in-the-matter-of-trading-in-illiquid-stock-option-at-bse_74604.html,https://www.sebi.gov.inhttps://www.sebi.gov.in/sebi_data/attachdocs/jul-2023/1690545023732_2.pdf' width='100%' style='max-height:90%; height:600px;' title=
67,67,326,https://www.sebi.gov.in/enforcement/orders/jul-2023/adjudication-order-in-respect-of-mukund-kumar-jha-in-the-matter-of-himadri-speciality-chemical-limited-_74465.html,https://www.sebi.gov.inhttps://www.sebi.gov.in/sebi_data/attachdocs/jul-2023/1690460404088_1.pdf' width='100%' style='max-height:90%; height:600px;' title=
68,68,327,https://www.sebi.gov.in/enforcement/orders/jul-2023/adjudication-order-in-respect-of-certain-entities-in-the-matter-of-trading-activities-in-the-scrip-of-vikas-ecotech-limited_74454.html,https://www.sebi.gov.inhttps://www.sebi.gov.in/sebi_data/attachdocs/jul-2023/1690458610256_12.pdf' width='100%' style='max-height:90%; height:600px;' title=
69,69,331,https://www.sebi.gov.in/enforcement/orders/jul-2023/adjudication-order-in-the-matter-of-andhra-pradesh-power-finance-corporation-limited_74452.html,https://www.sebi.gov.inhttps://www.sebi.gov.in/sebi_data/attachdocs/jul-2023/1690458610256_11.pdf' width='100%' style='max-height:90%; height:600px;' title=
70,70,332,https://www.sebi.gov.in/enforcement/orders/jul-2023/adjudication-order-in-respect-of-three-entities-in-the-matter-of-steel-city-securities-limited_74436.html,https://www.sebi.gov.inhttps://www.sebi.gov.in/sebi_data/attachdocs/jul-2023/1690458610256_3.pdf' width='100%' style='max-height:90%; height:600px;' title=
71,71,333,https://www.sebi.gov.in/enforcement/orders/jul-2023/adjudication-order-in-respect-of-two-entities-in-the-matter-of-janapriya-engineers-syndicate-pvt-ltd_74434.html,https://www.sebi.gov.inhttps://www.sebi.gov.in/sebi_data/attachdocs/jul-2023/1690458610256_2.pdf' width='100%' style='max-height:90%; height:600px;' title=
72,72,334,https://www.sebi.gov.in/enforcement/orders/jul-2023/adjudication-order-in-respect-of-arun-panchariya-in-the-matter-of-disclosures-by-southern-ispat-and-energy-ltd-in-respect-of-its-gdr-issue_74448.html,https://www.sebi.gov.inhttps://www.sebi.gov.in/sebi_data/attachdocs/jul-2023/1690458610256_9.pdf' width='100%' style='max-height:90%; height:600px;' title=
73,73,335,https://www.sebi.gov.in/enforcement/orders/jul-2023/adjudication-order-in-respect-of-arun-panchariya-in-the-matter-of-gdr-issue-by-zenith-steel-pipes-and-industries-limited-erstwhile-zenith-birla-india-limited_74446.html,https://www.sebi.gov.inhttps://www.sebi.gov.in/sebi_data/attachdocs/jul-2023/1690458610256_8.pdf' width='100%' style='max-height:90%; height:600px;' title=
74,74,336,https://www.sebi.gov.in/enforcement/orders/jul-2023/adjudication-order-in-respect-of-arun-panchariya-in-the-matter-of-gdr-issue-of-edserv-softsystems-limited_74444.html,https://www.sebi.gov.inhttps://www.sebi.gov.in/sebi_data/attachdocs/jul-2023/1690458610256_7.pdf' width='100%' style='max-height:90%; height:600px;' title=
75,75,337,https://www.sebi.gov.in/enforcement/orders/jul-2023/adjudication-order-in-respect-of-mr-arun-pancharia-in-the-matter-of-gdr-issue-by-rainbow-papers-ltd-_74450.html,https://www.sebi.gov.inhttps://www.sebi.gov.in/sebi_data/attachdocs/jul-2023/1690458610256_10.pdf' width='100%' style='max-height:90%; height:600px;' title=
76,76,338,https://www.sebi.gov.in/enforcement/orders/jul-2023/adjudication-order-in-the-matter-of-dezire-research_74432.html,https://www.sebi.gov.inhttps://www.sebi.gov.in/sebi_data/attachdocs/jul-2023/1690458610256_1.pdf' width='100%' style='max-height:90%; height:600px;' title=
77,77,339,https://www.sebi.gov.in/enforcement/orders/jul-2023/adjudication-order-in-respect-of-sudhir-gupta-in-the-matter-of-asian-hotels-west-limited_74282.html,https://www.sebi.gov.inhttps://www.sebi.gov.in/sebi_data/attachdocs/jul-2023/1690199407177_2.pdf' width='100%' style='max-height:90%; height:600px;' title=
78,78,340,https://www.sebi.gov.in/enforcement/orders/jul-2023/adjudication-order-in-respect-of-cdsl-in-the-matter-of-brh-wealth-kreators-ltd_74280.html,https://www.sebi.gov.inhttps://www.sebi.gov.in/sebi_data/attachdocs/jul-2023/1690199407177_1.pdf' width='100%' style='max-height:90%; height:600px;' title=
79,79,344,https://www.sebi.gov.in/enforcement/orders/jul-2023/adjudication-order-against-rishi-bajoria-in-the-matter-of-trading-in-illiquid-stock-option-at-bse_74140.html,
80,80,345,https://www.sebi.gov.in/enforcement/orders/jul-2023/adjudication-order-in-respect-of-harish-chandra-joshi-huf-in-the-matter-of-dealing-in-illiquid-stocks-options-at-bse_74136.html,
81,81,346,https://www.sebi.gov.in/enforcement/orders/jul-2023/adjudication-order-in-the-matter-of-trading-in-iso-at-bse-in-respect-of-dinesh-jain_74134.html,
82,82,347,https://www.sebi.gov.in/enforcement/orders/jul-2023/adjudication-order-in-the-matter-of-trading-in-iso-at-bse-in-respect-of-premlata-kejriwal_74132.html,
83,83,350,https://www.sebi.gov.in/enforcement/orders/jul-2023/adjudication-order-in-respect-of-mathura-devi-daga-in-the-matter-of-iso-at-bse_74123.html,https://www.sebi.gov.inhttps://www.sebi.gov.in/sebi_data/attachdocs/jul-2023/1689764086972_2.pdf' width='100%' style='max-height:90%; height:600px;' title=
84,84,351,https://www.sebi.gov.in/enforcement/orders/jul-2023/adjudication-order-in-the-matter-of-trading-in-iso-at-bse-in-respect-of-shweta-thakkar_73988.html,https://www.sebi.gov.inhttps://www.sebi.gov.in/sebi_data/attachdocs/jul-2023/1689597199016_1.pdf' width='100%' style='max-height:90%; height:600px;' title=
85,85,352,https://www.sebi.gov.in/enforcement/orders/jul-2023/adjudication-order-in-respect-of-insider-trading-activities-of-certain-entities-in-the-scrip-of-sharon-bio-medicine-ltd-_73850.html,https://www.sebi.gov.inhttps://www.sebi.gov.in/sebi_data/attachdocs/jul-2023/1689162609022_2.pdf' width='100%' style='max-height:90%; height:600px;' title=
86,86,353,https://www.sebi.gov.in/enforcement/orders/jul-2023/adjudication-order-in-the-matter-of-insider-trading-activities-in-the-scrip-of-shilpi-cable-technologies-ltd-_73848.html,
87,87,354,https://www.sebi.gov.in/enforcement/orders/jul-2023/adjudication-order-in-respect-of-two-entities-in-the-matter-of-hiran-orgochem-ltd-_73787.html,https://www.sebi.gov.inhttps://www.sebi.gov.in/sebi_data/attachdocs/jul-2023/1689076208991_1.pdf' width='100%' style='max-height:90%; height:600px;' title=
88,88,355,https://www.sebi.gov.in/enforcement/orders/jul-2023/adjudication-order-in-the-matter-of-trading-in-iso-at-bse-in-respect-of-premier-commosale-private-limited_73789.html,https://www.sebi.gov.inhttps://www.sebi.gov.in/sebi_data/attachdocs/jul-2023/1689076208991_2.pdf' width='100%' style='max-height:90%; height:600px;' title=
89,89,356,https://www.sebi.gov.in/enforcement/orders/jul-2023/adjudication-order-in-respect-of-fidelity-management-and-research-company-llc_73652.html,https://www.sebi.gov.inhttps://www.sebi.gov.in/sebi_data/attachdocs/jul-2023/1688732403917_1.pdf' width='100%' style='max-height:90%; height:600px;' title=
90,90,358,https://www.sebi.gov.in/enforcement/orders/jun-2023/adjudication-order-in-the-matter-of-milestone-capital-advisors-private-limited_73387.html,https://www.sebi.gov.inhttps://www.sebi.gov.in/sebi_data/attachdocs/jul-2023/1688406605277_1.pdf' width='100%' style='max-height:90%; height:600px;' title=
91,91,367,https://www.sebi.gov.in/enforcement/orders/jun-2023/adjudication-order-in-the-matter-of-aruna-hotels-limited_73356.html,https://www.sebi.gov.inhttps://www.sebi.gov.in/sebi_data/attachdocs/jul-2023/1688212206995_5.pdf' width='100%' style='max-height:90%; height:600px;' title=
92,92,368,https://www.sebi.gov.in/enforcement/orders/jun-2023/adjudication-order-with-respect-to-the-cyquator-media-services-pvt-ltd-in-the-matter-of-zee-entertainment-enterprises-ltd_73345.html,https://www.sebi.gov.inhttps://www.sebi.gov.in/sebi_data/attachdocs/jun-2023/1688134805750_1.pdf' width='100%' style='max-height:90%; height:600px;' title=
93,93,371,https://www.sebi.gov.in/enforcement/orders/jun-2023/adjudication-order-in-the-matter-of-vedanta-limited_73341.html,https://www.sebi.gov.inhttps://www.sebi.gov.in/sebi_data/attachdocs/jun-2023/1688131206931_2.pdf' width='100%' style='max-height:90%; height:600px;' title=
94,94,372,https://www.sebi.gov.in/enforcement/orders/jun-2023/adjudication-order-in-the-matter-of-box-trade-activities-in-lonq-dated-nifty-options-expirinq-on-december-28-2017-_73336.html,https://www.sebi.gov.inhttps://www.sebi.gov.in/sebi_data/attachdocs/jun-2023/1688129406662_1.pdf' width='100%' style='max-height:90%; height:600px;' title=
95,95,389,https://www.sebi.gov.in/enforcement/orders/jun-2023/adjudication-order-in-the-matter-of-brightcom-group-limited_73235.html,https://www.sebi.gov.inhttps://www.sebi.gov.in/sebi_data/attachdocs/jun-2023/1687953013010_6.pdf' width='100%' style='max-height:90%; height:600px;' title=
96,96,391,https://www.sebi.gov.in/enforcement/orders/jun-2023/adjudication-order-in-respect-of-mr-anil-kumar-dhawan-in-the-matter-of-kassa-finvest-private-limited_73233.html,https://www.sebi.gov.inhttps://www.sebi.gov.in/sebi_data/attachdocs/jun-2023/1687953013010_5.pdf' width='100%' style='max-height:90%; height:600px;' title=
97,97,395,https://www.sebi.gov.in/enforcement/orders/jun-2023/adjudication-order-in-respect-of-twelve-entities-in-the-matter-of-gold-line-international-finvest-ltd_73225.html,https://www.sebi.gov.inhttps://www.sebi.gov.in/sebi_data/attachdocs/jun-2023/1687953013010_1.pdf' width='100%' style='max-height:90%; height:600px;' title=
98,98,411,https://www.sebi.gov.in/enforcement/orders/jun-2023/adjudication-order-in-the-matter-of-good-value-irrigation-limited_73093.html,https://www.sebi.gov.inhttps://www.sebi.gov.in/sebi_data/attachdocs/jun-2023/1687782005382_1.pdf' width='100%' style='max-height:90%; height:600px;' title=
99,99,429,https://www.sebi.gov.in/enforcement/orders/jun-2023/adjudication-order-in-respect-of-pallor-trading-company-private-limited-in-the-matter-of-saurashtra-cement-limited_73036.html,https://www.sebi.gov.inhttps://www.sebi.gov.in/sebi_data/attachdocs/jun-2023/1687521016203_14.pdf' width='100%' style='max-height:90%; height:600px;' title=
100,100,454,https://www.sebi.gov.in/enforcement/orders/jun-2023/adjudication-order-in-the-matter-of-trading-in-iso-at-bse-in-respect-of-late-sandip-gupta_72896.html,https://www.sebi.gov.inhttps://www.sebi.gov.in/sebi_data/attachdocs/jun-2023/1687348208200_1.pdf' width='100%' style='max-height:90%; height:600px;' title=
101,101,459,https://www.sebi.gov.in/enforcement/orders/jun-2023/adjudication-order-in-respect-of-late-smt-ichu-devi-bhansali-in-the-matter-of-dealings-in-iso-at-the-bse_72837.html,https://www.sebi.gov.inhttps://www.sebi.gov.in/sebi_data/attachdocs/jun-2023/1687258806747_2.pdf' width='100%' style='max-height:90%; height:600px;' title=
102,102,460,https://www.sebi.gov.in/enforcement/orders/jun-2023/adjudication-order-in-respect-of-three-entities-in-the-matter-of-sangam-india-limited_72835.html,https://www.sebi.gov.inhttps://www.sebi.gov.in/sebi_data/attachdocs/jun-2023/1687258806747_1.pdf' width='100%' style='max-height:90%; height:600px;' title=
103,103,464,https://www.sebi.gov.in/enforcement/orders/jun-2023/adjudication-order-in-the-matter-of-kapil-raj-finance-limited_72681.html,https://www.sebi.gov.inhttps://www.sebi.gov.in/sebi_data/attachdocs/jun-2023/1686913206360_1.pdf' width='100%' style='max-height:90%; height:600px;' title=
104,104,469,https://www.sebi.gov.in/enforcement/orders/jun-2023/adjudication-order-in-the-matter-of-burnpur-cement-limited_72619.html,https://www.sebi.gov.inhttps://www.sebi.gov.in/sebi_data/attachdocs/jun-2023/1686847804849_1.pdf' width='100%' style='max-height:90%; height:600px;' title=
105,105,473,https://www.sebi.gov.in/enforcement/orders/jun-2023/adjudication-order-in-respect-of-bharat-babubhai-trivedi-in-the-matter-of-midvalley-entertainment-ltd_72537.html,https://www.sebi.gov.inhttps://www.sebi.gov.in/sebi_data/attachdocs/jun-2023/1686740407309_4.pdf' width='100%' style='max-height:90%; height:600px;' title=
106,106,476,https://www.sebi.gov.in/enforcement/orders/jun-2023/adjudication-order-in-the-matter-of-trading-in-iso-at-bse-in-respect-of-nitin-babulal-shah-huf_72539.html,https://www.sebi.gov.inhttps://www.sebi.gov.in/sebi_data/attachdocs/jun-2023/1686740407309_5.pdf' width='100%' style='max-height:90%; height:600px;' title=
107,107,478,https://www.sebi.gov.in/enforcement/orders/jun-2023/adjudication-order-in-respect-of-six-entities-in-the-matter-of-brightcom-group-limited_72483.html,https://www.sebi.gov.inhttps://www.sebi.gov.in/sebi_data/attachdocs/jun-2023/1686654004950_1.pdf' width='100%' style='max-height:90%; height:600px;' title=
108,108,483,https://www.sebi.gov.in/enforcement/orders/may-2023/adjudication-order-in-the-matter-of-manipulative-trading-activities-of-certain-entities-in-the-scrips-of-cosyn-limited-tera-software-limited-flex-foods-limited-and-jubilant-industries-limited-_72197.html,https://www.sebi.gov.inhttps://www.sebi.gov.in/sebi_data/attachdocs/jun-2023/1685711956162_2.pdf' width='100%' style='max-height:90%; height:600px;' title=
109,109,484,https://www.sebi.gov.in/enforcement/orders/may-2023/adjudication-order-in-the-matter-of-generic-engineering-construction-and-projects-ltd-_72186.html,
110,110,485,https://www.sebi.gov.in/enforcement/orders/may-2023/adjudication-order-in-the-matter-of-capitalvia-global-research-limited-in-respect-of-capitalvia-global-research-limited-kiran-ravindra-kumar-choudhary-and-rohit-gadia_72122.html,https://www.sebi.gov.inhttps://www.sebi.gov.in/sebi_data/attachdocs/may-2023/1685537403921_1.pdf' width='100%' style='max-height:90%; height:600px;' title=
111,111,486,https://www.sebi.gov.in/enforcement/orders/may-2023/in-the-matter-of-suumaya-industries-limited-and-suumaya-corporation-limited_72114.html,https://www.sebi.gov.inhttps://www.sebi.gov.in/sebi_data/attachdocs/may-2023/1685535604461_1.pdf' width='100%' style='max-height:90%; height:600px;' title=
112,112,492,https://www.sebi.gov.in/enforcement/orders/may-2023/adjudication-order-in-the-matter-of-appu-marketing-and-manufacturing-limited_72089.html,https://www.sebi.gov.inhttps://www.sebi.gov.in/sebi_data/attachdocs/may-2023/1685533806680_10.pdf' width='100%' style='max-height:90%; height:600px;' title=
113,113,493,https://www.sebi.gov.in/enforcement/orders/may-2023/adjudication-order-in-the-matter-of-gayatri-sugars-limited_72085.html,https://www.sebi.gov.inhttps://www.sebi.gov.in/sebi_data/attachdocs/may-2023/1685533806680_8.pdf' width='100%' style='max-height:90%; height:600px;' title=
114,114,541,https://www.sebi.gov.in/enforcement/orders/may-2023/adjudication-order-in-respect-of-four-entities-the-matter-of-bull-research-investment-advisors-private-limited_71853.html,https://www.sebi.gov.inhttps://www.sebi.gov.in/sebi_data/attachdocs/may-2023/1685361005936_1.pdf' width='100%' style='max-height:90%; height:600px;' title=
115,115,543,https://www.sebi.gov.in/enforcement/orders/may-2023/adjudication-order-in-respect-of-mr-balbir-singh-in-the-matter-of-alchemist-infra-realty-limited_71857.html,https://www.sebi.gov.inhttps://www.sebi.gov.in/sebi_data/attachdocs/may-2023/1685361005936_3.pdf' width='100%' style='max-height:90%; height:600px;' title=
116,116,568,https://www.sebi.gov.in/enforcement/orders/may-2023/adjudication-order-in-respect-of-four-entities-in-the-matter-of-galactico-corporate-services-ltd-_71655.html,https://www.sebi.gov.inhttps://www.sebi.gov.in/sebi_data/attachdocs/may-2023/1685017203008_1.pdf' width='100%' style='max-height:90%; height:600px;' title=
117,117,570,https://www.sebi.gov.in/enforcement/orders/may-2023/adjudication-order-in-the-matter-of-trading-in-iso-at-bse-in-respect-of-late-manju-kejriwal_71627.html,https://www.sebi.gov.inhttps://www.sebi.gov.in/sebi_data/attachdocs/may-2023/1685012407552_3.pdf' width='100%' style='max-height:90%; height:600px;' title=
118,118,572,https://www.sebi.gov.in/enforcement/orders/may-2023/adjudication-order-in-the-matter-of-trading-in-iso-at-bse-in-respect-of-late-ms-premlata-saraff_71625.html,https://www.sebi.gov.inhttps://www.sebi.gov.in/sebi_data/attachdocs/may-2023/1685012407552_2.pdf' width='100%' style='max-height:90%; height:600px;' title=
119,119,594,https://www.sebi.gov.in/enforcement/orders/may-2023/adjudication-order-in-respect-of-late-smt-munni-devi-in-the-matter-of-dealings-in-ill-liquid-stock-options-at-bse_71537.html,https://www.sebi.gov.inhttps://www.sebi.gov.in/sebi_data/attachdocs/may-2023/1684842605230_3.pdf' width='100%' style='max-height:90%; height:600px;' title=
120,120,595,https://www.sebi.gov.in/enforcement/orders/may-2023/adjudication-order-in-respect-of-three-entities-in-the-matter-of-alps-motor-finance-ltd_71533.html,https://www.sebi.gov.inhttps://www.sebi.gov.in/sebi_data/attachdocs/may-2023/1684842605230_1.pdf' width='100%' style='max-height:90%; height:600px;' title=
121,121,598,https://www.sebi.gov.in/enforcement/orders/may-2023/adjudication-order-in-respect-of-cpr-capital-services-ltd-_71457.html,
122,122,609,https://www.sebi.gov.in/enforcement/orders/may-2023/adjudication-order-in-respect-of-anil-kumar-agarwal-in-the-matter-of-iso-at-bse_71374.html,https://www.sebi.gov.inhttps://www.sebi.gov.in/sebi_data/attachdocs/may-2023/1684407607320_17.pdf' width='100%' style='max-height:90%; height:600px;' title=
123,123,610,https://www.sebi.gov.in/enforcement/orders/may-2023/adjudication-order-in-respect-of-late-smt-trishla-devi-jain-in-the-matter-of-dealings-in-ill-liquid-stock-options-at-bse_71368.html,https://www.sebi.gov.inhttps://www.sebi.gov.in/sebi_data/attachdocs/may-2023/1684407607320_14.pdf' width='100%' style='max-height:90%; height:600px;' title=
124,124,611,https://www.sebi.gov.in/enforcement/orders/may-2023/adjudication-order-in-respect-of-mayapur-vintrade-private-limited-in-the-matter-of-iso-at-bse_71376.html,https://www.sebi.gov.inhttps://www.sebi.gov.in/sebi_data/attachdocs/may-2023/1684407607320_18.pdf' width='100%' style='max-height:90%; height:600px;' title=
125,125,615,https://www.sebi.gov.in/enforcement/orders/may-2023/adjudication-order-in-respect-of-urmila-devi-in-the-matter-of-iso-at-bse_71370.html,
126,126,616,https://www.sebi.gov.in/enforcement/orders/may-2023/adjudication-order-in-respect-of-urmilaben-shah-in-the-matter-of-iso-at-bse_71372.html,
127,127,617,https://www.sebi.gov.in/enforcement/orders/may-2023/adjudication-order-in-the-matter-of-trading-in-iso-at-bse-in-respect-of-late-manju-devi-khemka_71344.html,https://www.sebi.gov.inhttps://www.sebi.gov.in/sebi_data/attachdocs/may-2023/1684407607320_2.pdf' width='100%' style='max-height:90%; height:600px;' title=
128,128,619,https://www.sebi.gov.in/enforcement/orders/may-2023/adjudication-order-in-respect-of-late-mithlesh-kumari-in-the-matter-of-dealing-in-illiquid-stocks-options-at-bse_71348.html,https://www.sebi.gov.inhttps://www.sebi.gov.in/sebi_data/attachdocs/may-2023/1684407607320_4.pdf' width='100%' style='max-height:90%; height:600px;' title=
129,129,620,https://www.sebi.gov.in/enforcement/orders/may-2023/adjudication-order-in-respect-of-late-shyama-devi-in-the-matter-of-dealing-in-illiquid-stocks-options-at-bse_71346.html,https://www.sebi.gov.inhttps://www.sebi.gov.in/sebi_data/attachdocs/may-2023/1684407607320_3.pdf' width='100%' style='max-height:90%; height:600px;' title=
130,130,626,https://www.sebi.gov.in/enforcement/orders/may-2023/adjudication-order-in-the-matter-of-trading-in-iso-at-bse-in-respect-of-late-manohar-lal-balasia_71342.html,
131,131,639,https://www.sebi.gov.in/enforcement/orders/may-2023/adjudication-order-in-the-matter-of-trading-in-iso-at-bse-in-respect-of-navneet-agarwal-and-sons-huf_71261.html,https://www.sebi.gov.inhttps://www.sebi.gov.in/sebi_data/attachdocs/may-2023/1684321204885_3.pdf' width='100%' style='max-height:90%; height:600px;' title=
132,132,640,https://www.sebi.gov.in/enforcement/orders/may-2023/adjudication-order-in-the-matter-of-trading-in-iso-at-bse-in-respect-of-neeraj-gandhi-huf_71259.html,https://www.sebi.gov.inhttps://www.sebi.gov.in/sebi_data/attachdocs/may-2023/1684321204885_2.pdf' width='100%' style='max-height:90%; height:600px;' title=
133,133,642,https://www.sebi.gov.in/enforcement/orders/may-2023/adjudication-order-in-the-matter-of-trading-in-iso-at-bse-in-respect-of-naresh-kumar-agarwal_71228.html,https://www.sebi.gov.inhttps://www.sebi.gov.in/sebi_data/attachdocs/may-2023/1684239603194_2.pdf' width='100%' style='max-height:90%; height:600px;' title=
134,134,643,https://www.sebi.gov.in/enforcement/orders/may-2023/adjudication-order-in-the-matter-of-trading-in-iso-at-bse-in-respect-of-nemichand-kasturchand-jain_71226.html,https://www.sebi.gov.inhttps://www.sebi.gov.in/sebi_data/attachdocs/may-2023/1684239603194_1.pdf' width='100%' style='max-height:90%; height:600px;' title=
135,135,652,https://www.sebi.gov.in/enforcement/orders/may-2023/adjudication-proceedings-in-respect-of-5-individuals-in-the-matter-of-karvy-stock-broking-ltd-_71147.html,https://www.sebi.gov.inhttps://www.sebi.gov.in/sebi_data/attachdocs/may-2023/1683892205101_1.pdf' width='100%' style='max-height:90%; height:600px;' title=
136,136,674,https://www.sebi.gov.in/enforcement/orders/apr-2023/adjudication-order-in-the-matter-of-praxis-home-retail-limited_70796.html,https://www.sebi.gov.inhttps://www.sebi.gov.in/sebi_data/attachdocs/may-2023/1682954402974_1.pdf' width='100%' style='max-height:90%; height:600px;' title=
137,137,675,https://www.sebi.gov.in/enforcement/orders/apr-2023/adjudication-order-in-respect-of-angel-broking-limited_70792.html,https://www.sebi.gov.inhttps://www.sebi.gov.in/sebi_data/attachdocs/apr-2023/1682766003411_1.pdf' width='100%' style='max-height:90%; height:600px;' title=
138,138,676,https://www.sebi.gov.in/enforcement/orders/apr-2023/adjudication-order-in-the-matter-of-shree-global-tradefin-limited_70794.html,https://www.sebi.gov.inhttps://www.sebi.gov.in/sebi_data/attachdocs/apr-2023/1682766003411_2.pdf' width='100%' style='max-height:90%; height:600px;' title=
139,139,686,https://www.sebi.gov.in/enforcement/orders/apr-2023/adjudication-order-in-respect-of-super-mercantiles-private-limited_70759.html,https://www.sebi.gov.inhttps://www.sebi.gov.in/sebi_data/attachdocs/apr-2023/1682686206173_1.pdf' width='100%' style='max-height:90%; height:600px;' title=
140,140,698,https://www.sebi.gov.in/enforcement/orders/apr-2023/adjudication-order-in-respect-of-singhvahini-sales-private-limited-in-the-matter-of-iso-at-bse_70738.html,https://www.sebi.gov.inhttps://www.sebi.gov.in/sebi_data/attachdocs/apr-2023/1682682607069_8.pdf' width='100%' style='max-height:90%; height:600px;' title=
141,141,699,https://www.sebi.gov.in/enforcement/orders/apr-2023/adjudication-order-in-the-matter-of-trading-activities-of-certain-entities-in-the-scrip-of-funny-software-limited_70736.html,https://www.sebi.gov.inhttps://www.sebi.gov.in/sebi_data/attachdocs/apr-2023/1682682607069_7.pdf' width='100%' style='max-height:90%; height:600px;' title=
142,142,714,https://www.sebi.gov.in/enforcement/orders/apr-2023/adjudication-order-in-the-matter-of-hckk-ventures-limited_70660.html,https://www.sebi.gov.inhttps://www.sebi.gov.in/sebi_data/attachdocs/apr-2023/1682601607544_3.pdf' width='100%' style='max-height:90%; height:600px;' title=
143,143,731,https://www.sebi.gov.in/enforcement/orders/apr-2023/adjudication-order-in-the-matter-role-of-karvy-capital-limited-in-the-matter-of-ncds-issued-by-utkarsh-small-finance-bank-limited-_70538.html,https://www.sebi.gov.inhttps://www.sebi.gov.in/sebi_data/attachdocs/apr-2023/1682430603999_1.pdf' width='100%' style='max-height:90%; height:600px;' title=
144,144,733,https://www.sebi.gov.in/enforcement/orders/apr-2023/adjudication-order-in-respect-of-high-growth-vincom-private-limited-in-the-matter-of-gautam-gems-limited_70519.html,https://www.sebi.gov.inhttps://www.sebi.gov.in/sebi_data/attachdocs/apr-2023/1682420409589_1.pdf' width='100%' style='max-height:90%; height:600px;' title=
145,145,735,https://www.sebi.gov.in/enforcement/orders/apr-2023/adjudication-order-in-respect-of-nj-asset-management-private-limited_70509.html,https://www.sebi.gov.inhttps://www.sebi.gov.in/sebi_data/attachdocs/apr-2023/1682338803518_1.pdf' width='100%' style='max-height:90%; height:600px;' title=
146,146,738,https://www.sebi.gov.in/enforcement/orders/apr-2023/adjudication-order-in-the-matter-of-cg-power-and-industrial-solutions-limited_70359.html,https://www.sebi.gov.inhttps://www.sebi.gov.in/sebi_data/attachdocs/apr-2023/1681991403833_1.pdf' width='100%' style='max-height:90%; height:600px;' title=
147,147,741,https://www.sebi.gov.in/enforcement/orders/apr-2023/adjudication-order-in-the-matter-of-agri-tech-india-limited_70317.html,https://www.sebi.gov.inhttps://www.sebi.gov.in/sebi_data/attachdocs/apr-2023/1681905004505_1.pdf' width='100%' style='max-height:90%; height:600px;' title=
148,148,745,https://www.sebi.gov.in/enforcement/orders/apr-2023/adjudication-order-in-the-matter-of-kernex-microsystems-india-limited_70282.html,https://www.sebi.gov.inhttps://www.sebi.gov.in/sebi_data/attachdocs/apr-2023/1681737603372_1.pdf' width='100%' style='max-height:90%; height:600px;' title=
149,149,786,https://www.sebi.gov.in/enforcement/orders/mar-2023/adjudication-order-in-the-matter-of-leel-electricals-limited_69731.html,
150,150,787,https://www.sebi.gov.in/enforcement/orders/mar-2023/adjudication-order-in-respect-of-69-entities-in-the-matter-of-trading-activities-of-certain-entities-in-the-scrip-of-india-infraspace-limited_69727.html,https://www.sebi.gov.inhttps://www.sebi.gov.in/sebi_data/attachdocs/apr-2023/1680528007181_3.pdf' width='100%' style='max-height:90%; height:600px;' title=
151,151,791,https://www.sebi.gov.in/enforcement/orders/mar-2023/adjudication-order-in-respect-of-getrise-infotech-pvt-ltd-in-the-matter-of-iso-at-bse_69704.html,https://www.sebi.gov.inhttps://www.sebi.gov.in/sebi_data/attachdocs/apr-2023/1680519606674_2.pdf' width='100%' style='max-height:90%; height:600px;' title=
152,152,792,https://www.sebi.gov.in/enforcement/orders/mar-2023/adjudication-order-in-respect-of-torner-tieup-pvt-ltd-in-the-matter-of-iso-at-bse_69706.html,https://www.sebi.gov.inhttps://www.sebi.gov.in/sebi_data/attachdocs/apr-2023/1680519606674_3.pdf' width='100%' style='max-height:90%; height:600px;' title=
153,153,796,https://www.sebi.gov.in/enforcement/orders/mar-2023/adjudication-order-in-respect-of-giriraj-mundada-in-the-matter-of-iso-at-bse_69702.html,https://www.sebi.gov.inhttps://www.sebi.gov.in/sebi_data/attachdocs/apr-2023/1680519606674_1.pdf' width='100%' style='max-height:90%; height:600px;' title=
154,154,797,https://www.sebi.gov.in/enforcement/orders/mar-2023/adjudication-order-in-respect-of-7-entities-in-the-matter-of-tv-vision-limited_69681.html,
155,155,798,https://www.sebi.gov.in/enforcement/orders/mar-2023/adjudication-order-in-the-matter-of-bhageria-industries-limited_69678.html,https://www.sebi.gov.inhttps://www.sebi.gov.in/sebi_data/attachdocs/mar-2023/1680279606545_1.pdf' width='100%' style='max-height:90%; height:600px;' title=
156,156,803,https://www.sebi.gov.in/enforcement/orders/mar-2023/adjudication-order-in-respect-of-late-dharam-devi-bansal-in-the-matter-of-dealings-in-iso-at-bse_69649.html,https://www.sebi.gov.inhttps://www.sebi.gov.in/sebi_data/attachdocs/mar-2023/1680268806382_3.pdf' width='100%' style='max-height:90%; height:600px;' title=
157,157,810,https://www.sebi.gov.in/enforcement/orders/mar-2023/adjudication-order-in-respect-of-highbrow-market-research-private-limited-and-its-directors-in-the-matter-of-highbrow-market-research-private-limited_69626.html,https://www.sebi.gov.inhttps://www.sebi.gov.in/sebi_data/attachdocs/mar-2023/1680263407906_3.pdf' width='100%' style='max-height:90%; height:600px;' title=
158,158,812,https://www.sebi.gov.in/enforcement/orders/mar-2023/adjudication-order-in-respect-of-venugopal-dhoot-in-the-matter-of-videocon-industries-ltd-_69628.html,
159,159,813,https://www.sebi.gov.in/enforcement/orders/mar-2023/order-in-the-matter-of-vimal-oil-and-foods-limited_69630.html,https://www.sebi.gov.inhttps://www.sebi.gov.in/sebi_data/attachdocs/mar-2023/1680263407906_5.pdf' width='100%' style='max-height:90%; height:600px;' title=
160,160,818,https://www.sebi.gov.in/enforcement/orders/mar-2023/adjudication-order-in-the-matter-of-transwind-infrastructure-ltd-_69603.html,
161,161,819,https://www.sebi.gov.in/enforcement/orders/mar-2023/adjudication-order-with-respect-to-23-entities-in-the-matter-of-trading-by-certain-entities-in-mentha-oil-futures-contracts-at-multi-commodity-exchange-of-india-limited_69605.html,https://www.sebi.gov.inhttps://www.sebi.gov.in/sebi_data/attachdocs/mar-2023/1680260415229_13.pdf' width='100%' style='max-height:90%; height:600px;' title=
162,162,827,https://www.sebi.gov.in/enforcement/orders/mar-2023/adjudication-order-in-the-matter-of-angels-enterprises-limited_69534.html,https://www.sebi.gov.inhttps://www.sebi.gov.in/sebi_data/attachdocs/mar-2023/1680092409383_2.pdf' width='100%' style='max-height:90%; height:600px;' title=
163,163,828,https://www.sebi.gov.in/enforcement/orders/mar-2023/adjudication-order-in-the-matter-of-superspace-infrastructure-limited_69532.html,https://www.sebi.gov.inhttps://www.sebi.gov.in/sebi_data/attachdocs/mar-2023/1680092409383_1.pdf' width='100%' style='max-height:90%; height:600px;' title=
164,164,829,https://www.sebi.gov.in/enforcement/orders/mar-2023/adjudication-order-in-the-matter-of-trading-in-iso-at-bse-in-respect-of-atmaram-chandgothia_69536.html,https://www.sebi.gov.inhttps://www.sebi.gov.in/sebi_data/attachdocs/mar-2023/1680092409383_3.pdf' width='100%' style='max-height:90%; height:600px;' title=
165,165,830,https://www.sebi.gov.in/enforcement/orders/mar-2023/adjudication-oder-in-the-matter-of-trading-in-iso-at-bse-in-respect-of-jerambhai-thakkarshibhai-muliya_69514.html,https://www.sebi.gov.inhttps://www.sebi.gov.in/sebi_data/attachdocs/mar-2023/1680090607326_2.pdf' width='100%' style='max-height:90%; height:600px;' title=
166,166,834,https://www.sebi.gov.in/enforcement/orders/mar-2023/adjudication-order-in-the-matter-of-trading-in-iso-in-respect-of-atam-prakash-manchanda_69501.html,https://www.sebi.gov.inhttps://www.sebi.gov.in/sebi_data/attachdocs/mar-2023/1680087605103_1.pdf' width='100%' style='max-height:90%; height:600px;' title=
167,167,835,https://www.sebi.gov.in/enforcement/orders/mar-2023/adjudication-order-in-respect-of-karvy-capital-limited-mr-kedar-deshpande-mr-g-krishna-hari-mr-kovilkathu-parameshwaran-jeewan-mr-p-b-ramapriyan-and-mr-rajiv-ranjan-singh-in-the-matter-of-ka-_69467.html,https://www.sebi.gov.inhttps://www.sebi.gov.in/sebi_data/attachdocs/mar-2023/1680007806474_1.pdf' width='100%' style='max-height:90%; height:600px;' title=
168,168,837,https://www.sebi.gov.in/enforcement/orders/mar-2023/adjudication-order-in-the-matter-of-fedders-electric-and-engineering-ltd-_69458.html,https://www.sebi.gov.inhttps://www.sebi.gov.in/sebi_data/attachdocs/mar-2023/1680004209712_3.pdf' width='100%' style='max-height:90%; height:600px;' title=
169,169,838,https://www.sebi.gov.in/enforcement/orders/mar-2023/adjudication-order-in-the-matter-of-trading-in-illiquid-stock-option-at-bse-in-respect-of-navneet-garodia-huf_69454.html,https://www.sebi.gov.inhttps://www.sebi.gov.in/sebi_data/attachdocs/mar-2023/1680004209712_1.pdf' width='100%' style='max-height:90%; height:600px;' title=
170,170,839,https://www.sebi.gov.in/enforcement/orders/mar-2023/adjudication-order-in-respect-of-7-entities-in-the-matter-of-ipo-of-shilpi-cable-technologies-limited_69445.html,https://www.sebi.gov.inhttps://www.sebi.gov.in/sebi_data/attachdocs/mar-2023/1680001210321_12.pdf' width='100%' style='max-height:90%; height:600px;' title=
171,171,851,https://www.sebi.gov.in/enforcement/orders/mar-2023/adjudication-order-in-the-matter-of-coffee-day-enterprises-limited_69388.html,
172,172,853,https://www.sebi.gov.in/enforcement/orders/mar-2023/adjudication-order-in-the-matter-of-skyline-financial-services-pvt-ltd_69377.html,https://www.sebi.gov.inhttps://www.sebi.gov.in/sebi_data/attachdocs/mar-2023/1679914812986_15.pdf' width='100%' style='max-height:90%; height:600px;' title=
173,173,872,https://www.sebi.gov.in/enforcement/orders/mar-2023/adjudication-order-in-the-matter-of-sic-stocks-and-services-private-limited_69288.html,https://www.sebi.gov.inhttps://www.sebi.gov.in/sebi_data/attachdocs/mar-2023/1679655607671_1.pdf' width='100%' style='max-height:90%; height:600px;' title=
174,174,873,https://www.sebi.gov.in/enforcement/orders/mar-2023/adjudication-order-in-the-matter-of-m-s-ssj-finance-and-securities-private-limited-_69262.html,https://www.sebi.gov.inhttps://www.sebi.gov.in/sebi_data/attachdocs/mar-2023/1679575808539_1.pdf' width='100%' style='max-height:90%; height:600px;' title=
175,175,876,https://www.sebi.gov.in/enforcement/orders/mar-2023/adjudication-order-in-the-matter-of-profit-guru-proprietor-mr-satish-shukla_69196.html,https://www.sebi.gov.inhttps://www.sebi.gov.in/sebi_data/attachdocs/mar-2023/1679399402978_1.pdf' width='100%' style='max-height:90%; height:600px;' title=
176,176,877,https://www.sebi.gov.in/enforcement/orders/mar-2023/adjudication-order-in-respect-of-late-smt-kanta-devi-fogla-in-the-matter-of-dealing-in-illiquid-options-at-bse_69121.html,https://www.sebi.gov.inhttps://www.sebi.gov.in/sebi_data/attachdocs/mar-2023/1679053802987_1.pdf' width='100%' style='max-height:90%; height:600px;' title=
177,177,883,https://www.sebi.gov.in/enforcement/orders/mar-2023/adjudication-order-in-the-matter-of-layla-textiles-and-traders-limited_69092.html,https://www.sebi.gov.inhttps://www.sebi.gov.in/sebi_data/attachdocs/mar-2023/1678967403307_1.pdf' width='100%' style='max-height:90%; height:600px;' title=
178,178,886,https://www.sebi.gov.in/enforcement/orders/mar-2023/adjudication-order-in-respect-of-late-smt-shanti-devi-agarwal-in-the-matter-of-dealings-in-ill-liquid-stock-options-at-bse_69087.html,https://www.sebi.gov.inhttps://www.sebi.gov.in/sebi_data/attachdocs/mar-2023/1678964407967_5.pdf' width='100%' style='max-height:90%; height:600px;' title=
179,179,887,https://www.sebi.gov.in/enforcement/orders/mar-2023/adjudication-order-in-respect-of-two-entities-in-the-matter-of-midvalley-entertainment-ltd_69079.html,https://www.sebi.gov.inhttps://www.sebi.gov.in/sebi_data/attachdocs/mar-2023/1678964407967_1.pdf' width='100%' style='max-height:90%; height:600px;' title=
180,180,888,https://www.sebi.gov.in/enforcement/orders/mar-2023/adjudication-order-in-the-matter-of-s-b-securities-private-limited_69085.html,https://www.sebi.gov.inhttps://www.sebi.gov.in/sebi_data/attachdocs/mar-2023/1678964407967_4.pdf' width='100%' style='max-height:90%; height:600px;' title=
181,181,891,https://www.sebi.gov.in/enforcement/orders/mar-2023/adjudication-order-in-respect-of-late-shri-shantilal-s-badjate-in-the-matter-of-dealings-in-ill-liquid-stock-options-at-bse_68970.html,https://www.sebi.gov.inhttps://www.sebi.gov.in/sebi_data/attachdocs/mar-2023/1678791604893_2.pdf' width='100%' style='max-height:90%; height:600px;' title=
182,182,892,https://www.sebi.gov.in/enforcement/orders/mar-2023/adjudication-order-in-respect-of-late-smt-shanti-devi-pasari-in-the-matter-of-dealings-in-ill-liquid-stock-options-at-bse_68972.html,https://www.sebi.gov.inhttps://www.sebi.gov.in/sebi_data/attachdocs/mar-2023/1678791604893_3.pdf' width='100%' style='max-height:90%; height:600px;' title=
183,183,893,https://www.sebi.gov.in/enforcement/orders/mar-2023/adjudication-order-in-respect-of-late-smt-sharda-devi-bajaj-in-the-matter-of-dealings-in-ill-liquid-stock-options-at-bse_68968.html,https://www.sebi.gov.inhttps://www.sebi.gov.in/sebi_data/attachdocs/mar-2023/1678791604893_1.pdf' width='100%' style='max-height:90%; height:600px;' title=
184,184,895,https://www.sebi.gov.in/enforcement/orders/mar-2023/adjudication-order-in-respect-of-22-entities-in-the-matter-of-titan-company-limited_68792.html,https://www.sebi.gov.inhttps://www.sebi.gov.in/sebi_data/attachdocs/mar-2023/1678359602912_1.pdf' width='100%' style='max-height:90%; height:600px;' title=
185,185,900,https://www.sebi.gov.in/enforcement/orders/mar-2023/adjudication-order-in-the-matter-of-manpasand-beverages-limited_68627.html,https://www.sebi.gov.inhttps://www.sebi.gov.in/sebi_data/attachdocs/mar-2023/1677761404304_1.pdf' width='100%' style='max-height:90%; height:600px;' title=
186,186,901,https://www.sebi.gov.in/enforcement/orders/feb-2023/adjudication-order-in-the-matter-of-srestha-finvest-limited_68652.html,
187,187,902,https://www.sebi.gov.in/enforcement/orders/feb-2023/adjudication-order-against-m-s-kripa-securities-pvt-ltd-stock-broker_68618.html,https://www.sebi.gov.inhttps://www.sebi.gov.in/sebi_data/attachdocs/mar-2023/1677754804361_1.pdf' width='100%' style='max-height:90%; height:600px;' title=
188,188,903,https://www.sebi.gov.in/enforcement/orders/feb-2023/adjudication-order-against-smifs-limited-stock-broker_68620.html,
189,189,904,https://www.sebi.gov.in/enforcement/orders/feb-2023/adjudication-order-in-respect-of-10-entities-in-the-matter-of-funding-of-preferential-allottees-by-the-company-in-the-scrip-of-arnav-corporation-ltd-_68584.html,https://www.sebi.gov.inhttps://www.sebi.gov.in/sebi_data/attachdocs/mar-2023/1677673205063_3.pdf' width='100%' style='max-height:90%; height:600px;' title=
190,190,905,https://www.sebi.gov.in/enforcement/orders/feb-2023/adjudication-order-in-respect-of-four-entities-the-matter-of-vikas-proppant-and-granite-limited-_68580.html,https://www.sebi.gov.inhttps://www.sebi.gov.in/sebi_data/attachdocs/mar-2023/1677673205063_1.pdf' width='100%' style='max-height:90%; height:600px;' title=
191,191,906,https://www.sebi.gov.in/enforcement/orders/feb-2023/adjudication-order-in-the-matter-of-trading-in-mcx-by-sikkim-based-clients_68582.html,
192,192,907,https://www.sebi.gov.in/enforcement/orders/feb-2023/adjudication-order-in-respect-of-shubro-sankha-das-sarma-in-the-matter-of-inspection-of-boi-axa-mutual-fund_68561.html,
193,193,908,https://www.sebi.gov.in/enforcement/orders/feb-2023/adjudication-order-in-the-matter-of-m-s-wealthmax-solution-investment-adviser-proprietor-shri-piyush-jain_68551.html,
194,194,910,https://www.sebi.gov.in/enforcement/orders/feb-2023/adjudication-order-in-respect-of-bluewaves-media-smart-technology-and-hanif-kasambhai-shekh-in-the-matter-of-greencrest-financial-services-limited_68529.html,https://www.sebi.gov.inhttps://www.sebi.gov.in/sebi_data/attachdocs/feb-2023/1677585005176_1.pdf' width='100%' style='max-height:90%; height:600px;' title=
195,195,912,https://www.sebi.gov.in/enforcement/orders/feb-2023/adjudication-order-in-respect-of-tridhaatu-renovators-private-limited-in-the-matter-of-non-submission-of-bank-details-by-issuers-to-debenture-trustees_68533.html,https://www.sebi.gov.inhttps://www.sebi.gov.in/sebi_data/attachdocs/feb-2023/1677585005176_3.pdf' width='100%' style='max-height:90%; height:600px;' title=
196,196,914,https://www.sebi.gov.in/enforcement/orders/feb-2023/adjudication-in-respect-of-assetz-premium-holdings-private-limited-in-the-matter-of-non-submission-of-bank-details-by-issuers-to-debenture-trustees_68501.html,
197,197,915,https://www.sebi.gov.in/enforcement/orders/feb-2023/adjudication-in-respect-of-incredible-realcon-private-limited-in-the-matter-of-non-submission-of-bank-details-by-issuers-to-debenture-trustees_68499.html,
198,198,916,https://www.sebi.gov.in/enforcement/orders/feb-2023/adjudication-order-against-10-entities-in-the-matter-of-inspection-of-gcm-securities-ltd-_68493.html,https://www.sebi.gov.inhttps://www.sebi.gov.in/sebi_data/attachdocs/feb-2023/1677582014549_3.pdf' width='100%' style='max-height:90%; height:600px;' title=
199,199,917,https://www.sebi.gov.in/enforcement/orders/feb-2023/adjudication-order-in-respect-of-bright-buildtech-private-limited-in-the-matter-of-non-submission-of-bank-details-by-issuers-to-debenture-trustees_68511.html,https://www.sebi.gov.inhttps://www.sebi.gov.in/sebi_data/attachdocs/feb-2023/1677582014549_13.pdf' width='100%' style='max-height:90%; height:600px;' title=
200,200,918,https://www.sebi.gov.in/enforcement/orders/feb-2023/adjudication-order-in-respect-of-darshan-orna-ltd-and-veeram-securities-ltd-in-the-matter-of-ro-jewels-ltd-_68497.html,https://www.sebi.gov.inhttps://www.sebi.gov.in/sebi_data/attachdocs/feb-2023/1677582014549_6.pdf' width='100%' style='max-height:90%; height:600px;' title=
201,201,920,https://www.sebi.gov.in/enforcement/orders/feb-2023/adjudication-order-in-respect-of-palai-developments-private-limited-in-the-matter-of-non-submission-of-bank-details-by-issuers-to-debenture-trustees_68505.html,https://www.sebi.gov.inhttps://www.sebi.gov.in/sebi_data/attachdocs/feb-2023/1677582014549_10.pdf' width='100%' style='max-height:90%; height:600px;' title=
202,202,921,https://www.sebi.gov.in/enforcement/orders/feb-2023/adjudication-order-in-respect-of-rajesh-estates-and-nirman-private-limited-in-the-matter-of-non-submission-of-bank-details-by-issuers-to-debenture-trustees_68507.html,https://www.sebi.gov.inhttps://www.sebi.gov.in/sebi_data/attachdocs/feb-2023/1677582014549_11.pdf' width='100%' style='max-height:90%; height:600px;' title=
203,203,922,https://www.sebi.gov.in/enforcement/orders/feb-2023/adjudication-order-in-respect-of-rajesh-housing-private-limited-in-the-matter-of-non-submission-of-bank-details-by-issuers-to-debenture-trustees_68509.html,https://www.sebi.gov.inhttps://www.sebi.gov.in/sebi_data/attachdocs/feb-2023/1677582014549_12.pdf' width='100%' style='max-height:90%; height:600px;' title=
204,204,923,https://www.sebi.gov.in/enforcement/orders/feb-2023/adjudication-order-in-respect-of-sheltrex-karjat-private-limited-in-the-matter-of-non-submission-of-bank-details-by-issuers-to-debenture-trustees_68503.html,
205,205,924,https://www.sebi.gov.in/enforcement/orders/feb-2023/adjudication-order-in-the-matter-of-matra-kaushal-enterprise-ltd-_68495.html,
206,206,925,https://www.sebi.gov.in/enforcement/orders/feb-2023/adjudication-order-in-the-matter-of-swastika-investmart-limited_68489.html,https://www.sebi.gov.inhttps://www.sebi.gov.in/sebi_data/attachdocs/feb-2023/1677582014549_1.pdf' width='100%' style='max-height:90%; height:600px;' title=
207,207,926,https://www.sebi.gov.in/enforcement/orders/feb-2023/adjudication-order-in-the-matter-of-bfl-asset-finvest-ltd-in-respect-of-3-entities_68513.html,https://www.sebi.gov.inhttps://www.sebi.gov.in/sebi_data/attachdocs/feb-2023/1677582014549_14.pdf' width='100%' style='max-height:90%; height:600px;' title=
208,208,928,https://www.sebi.gov.in/enforcement/orders/feb-2023/adjudication-order-in-the-matter-of-arihant-india-limited_68464.html,
209,209,929,https://www.sebi.gov.in/enforcement/orders/feb-2023/adjudication-order-with-respect-to-4-entities-in-the-matter-of-funding-of-preferential-allottees-by-the-company-aadhaar-ventures-india-limited-_68466.html,https://www.sebi.gov.inhttps://www.sebi.gov.in/sebi_data/attachdocs/feb-2023/1677495608347_9.pdf' width='100%' style='max-height:90%; height:600px;' title=
210,210,945,https://www.sebi.gov.in/enforcement/orders/feb-2023/adjudication-order-in-the-matter-of-geodesic-ltd-_68328.html,https://www.sebi.gov.inhttps://www.sebi.gov.in/sebi_data/attachdocs/feb-2023/1677063604720_1.pdf' width='100%' style='max-height:90%; height:600px;' title=
211,211,946,https://www.sebi.gov.in/enforcement/orders/feb-2023/adjudication-order-in-respect-of-six-entities-in-the-matter-of-north-eastern-carrying-corporation-ltd_68253.html,https://www.sebi.gov.inhttps://www.sebi.gov.in/sebi_data/attachdocs/feb-2023/1676980204214_1.pdf' width='100%' style='max-height:90%; height:600px;' title=
212,212,947,https://www.sebi.gov.in/enforcement/orders/feb-2023/adjudication-order-against-chirag-parmar-in-the-matter-of-a-f-enterprises-ltd-_68181.html,https://www.sebi.gov.inhttps://www.sebi.gov.in/sebi_data/attachdocs/feb-2023/1676890805999_3.pdf' width='100%' style='max-height:90%; height:600px;' title=
213,213,948,https://www.sebi.gov.in/enforcement/orders/feb-2023/adjudication-order-in-the-matter-of-oxygenta-pharmaceutical-limited-erstwhile-known-as-ss-organics-limited_68183.html,https://www.sebi.gov.inhttps://www.sebi.gov.in/sebi_data/attachdocs/feb-2023/1676890805999_4.pdf' width='100%' style='max-height:90%; height:600px;' title=
214,214,949,https://www.sebi.gov.in/enforcement/orders/feb-2023/adjudication-order-in-the-matter-of-sai-televisions-limited_68179.html,https://www.sebi.gov.inhttps://www.sebi.gov.in/sebi_data/attachdocs/feb-2023/1676890805999_2.pdf' width='100%' style='max-height:90%; height:600px;' title=
215,215,954,https://www.sebi.gov.in/enforcement/orders/feb-2023/adjudication-order-in-respect-of-credence-sound-and-vision-limited_68005.html,https://www.sebi.gov.inhttps://www.sebi.gov.in/sebi_data/attachdocs/feb-2023/1676289004139_1.pdf' width='100%' style='max-height:90%; height:600px;' title=
216,216,955,https://www.sebi.gov.in/enforcement/orders/feb-2023/adjudication-order-in-respect-of-kuber-dealcom-pvt-ltd-in-the-matter-of-a-f-enterprises-ltd-_67962.html,https://www.sebi.gov.inhttps://www.sebi.gov.in/sebi_data/attachdocs/feb-2023/1676029805083_1.pdf' width='100%' style='max-height:90%; height:600px;' title=
217,217,956,https://www.sebi.gov.in/enforcement/orders/feb-2023/adjudication-order-in-the-matter-of-pooja-patidar-employee-of-m-s-ira-and-mr-vikash-gupta-portfolio-manager-of-algo-systems-_67964.html,https://www.sebi.gov.inhttps://www.sebi.gov.in/sebi_data/attachdocs/feb-2023/1676029805083_2.pdf' width='100%' style='max-height:90%; height:600px;' title=
218,218,959,https://www.sebi.gov.in/enforcement/orders/feb-2023/adjudication-order-in-respect-of-four-entities-in-the-matter-of-zylog-systems-limited_67894.html,https://www.sebi.gov.inhttps://www.sebi.gov.in/sebi_data/attachdocs/feb-2023/1675854003889_1.pdf' width='100%' style='max-height:90%; height:600px;' title=
219,219,960,https://www.sebi.gov.in/enforcement/orders/feb-2023/adjudication-order-in-respect-of-late-smt-shilpa-munshi-in-the-matter-of-dealings-in-ill-liquid-stock-options-at-bse_67929.html,https://www.sebi.gov.inhttps://www.sebi.gov.in/sebi_data/attachdocs/feb-2023/1675943403391_1.pdf' width='100%' style='max-height:90%; height:600px;' title=
220,220,963,https://www.sebi.gov.in/enforcement/orders/jan-2023/adjudication-order-in-respect-of-mr-mahendrabhai-ramniklal-shah-in-the-matter-of-veeram-ornaments-limited_67742.html,https://www.sebi.gov.inhttps://www.sebi.gov.in/sebi_data/attachdocs/feb-2023/1675259403477_1.pdf' width='100%' style='max-height:90%; height:600px;' title=
221,221,964,https://www.sebi.gov.in/enforcement/orders/jan-2023/adjudication-order-in-the-matter-of-capstocks-and-securities-india-pvt-ltd_67667.html,https://www.sebi.gov.inhttps://www.sebi.gov.in/sebi_data/attachdocs/jan-2023/1675169405006_1.pdf' width='100%' style='max-height:90%; height:600px;' title=
222,222,965,https://www.sebi.gov.in/enforcement/orders/jan-2023/adjudication-order-in-the-matter-of-v-b-industries-limited_67665.html,https://www.sebi.gov.inhttps://www.sebi.gov.in/sebi_data/attachdocs/jan-2023/1675167603958_1.pdf' width='100%' style='max-height:90%; height:600px;' title=
223,223,966,https://www.sebi.gov.in/enforcement/orders/jan-2023/adjudication-order-in-respect-of-balram-agarwal-ashish-bansal-and-naresh-kumar-bansal-in-the-matter-of-a-f-enterprises-ltd-_67659.html,https://www.sebi.gov.inhttps://www.sebi.gov.in/sebi_data/attachdocs/jan-2023/1675165804713_4.pdf' width='100%' style='max-height:90%; height:600px;' title=
224,224,967,https://www.sebi.gov.in/enforcement/orders/jan-2023/adjudication-order-in-respect-of-mr-s-a-amudan-in-the-matter-of-varun-global-limited-and-varun-resources-limited_67657.html,https://www.sebi.gov.inhttps://www.sebi.gov.in/sebi_data/attachdocs/jan-2023/1675165804713_3.pdf' width='100%' style='max-height:90%; height:600px;' title=
225,225,968,https://www.sebi.gov.in/enforcement/orders/jan-2023/adjudication-order-in-respect-of-mr-p-v-r-murthy-in-the-matter-of-gdr-issue-by-zenith-steel-pipes-and-industries-limited-erstwhile-zenith-birla-india-limited_67655.html,https://www.sebi.gov.inhttps://www.sebi.gov.in/sebi_data/attachdocs/jan-2023/1675165804713_2.pdf' width='100%' style='max-height:90%; height:600px;' title=
226,226,969,https://www.sebi.gov.in/enforcement/orders/jan-2023/adjudication-order-in-respect-of-mr-p-v-r-murthy-in-the-matter-of-gdr-issue-by-birla-cotsyn-india-ltd-_67653.html,https://www.sebi.gov.inhttps://www.sebi.gov.in/sebi_data/attachdocs/jan-2023/1675165804713_1.pdf' width='100%' style='max-height:90%; height:600px;' title=
227,227,970,https://www.sebi.gov.in/enforcement/orders/jan-2023/adjudication-order-in-respect-of-hle-glascoat-ltd-and-link-intime-india-pvt-ltd-in-the-matter-of-complaint-by-pushpaben-rasiklal-patel_67644.html,https://www.sebi.gov.inhttps://www.sebi.gov.in/sebi_data/attachdocs/jan-2023/1675162804571_2.pdf' width='100%' style='max-height:90%; height:600px;' title=
228,228,971,https://www.sebi.gov.in/enforcement/orders/jan-2023/adjudication-order-in-the-matter-of-bfl-asset-finvest-limited-in-respect-of-15-entities_67646.html,https://www.sebi.gov.inhttps://www.sebi.gov.in/sebi_data/attachdocs/jan-2023/1675162804571_3.pdf' width='100%' style='max-height:90%; height:600px;' title=
229,229,972,https://www.sebi.gov.in/enforcement/orders/jan-2023/adjudication-order-in-the-matter-of-reddito-capital-investment-advisors-pvt-ltd_67642.html,https://www.sebi.gov.inhttps://www.sebi.gov.in/sebi_data/attachdocs/jan-2023/1675162804571_1.pdf' width='100%' style='max-height:90%; height:600px;' title=
230,230,973,https://www.sebi.gov.in/enforcement/orders/jan-2023/adjudication-order-in-respect-of-mrs-renu-bhushan-mr-brij-bhushan-and-mr-bharat-bhushan_67630.html,https://www.sebi.gov.inhttps://www.sebi.gov.in/sebi_data/attachdocs/jan-2023/1675090204474_1.pdf' width='100%' style='max-height:90%; height:600px;' title=
231,231,974,https://www.sebi.gov.in/enforcement/orders/jan-2023/adjudication-order-in-the-matter-of-mansi-share-and-stock-advisors-pvt-ltd-_67622.html,
232,232,975,https://www.sebi.gov.in/enforcement/orders/jan-2023/adjudication-order-in-respect-of-kaminiben-atulbhai-patni-rakesh-bhailabhai-patel-riddish-gopal-modi-atul-j-patni-nitin-k-modi-and-jayesh-shah-in-the-matter-of-jsg-leasing-limited_67603.html,
233,233,976,https://www.sebi.gov.in/enforcement/orders/jan-2023/under-section-15-i-of-the-securities-and-exchange-board-of-india-act-1992-read-with-rule-5-of-sebi-procedure-for-holding-inquiry-and-imposing-penalties-by-adjudicating-officer-rules-1995-late-mr-san-_67579.html,https://www.sebi.gov.inhttps://www.sebi.gov.in/sebi_data/attachdocs/jan-2023/1674817204577_1.pdf' width='100%' style='max-height:90%; height:600px;' title=
234,234,977,https://www.sebi.gov.in/enforcement/orders/jan-2023/adjudication-order-against-43-entities-in-the-matter-of-sulabh-engineering-and-services-limited_67465.html,https://www.sebi.gov.inhttps://www.sebi.gov.in/sebi_data/attachdocs/jan-2023/1674474603457_1.pdf' width='100%' style='max-height:90%; height:600px;' title=
235,235,978,https://www.sebi.gov.in/enforcement/orders/jan-2023/adjudication-order-in-the-matter-of-hardik-multi-com-broking-private-limited_67456.html,https://www.sebi.gov.inhttps://www.sebi.gov.in/sebi_data/attachdocs/jan-2023/1674471604364_1.pdf' width='100%' style='max-height:90%; height:600px;' title=
236,236,979,https://www.sebi.gov.in/enforcement/orders/jan-2023/adjudication-order-in-the-matter-of-vintron-informatics-limited_67407.html,https://www.sebi.gov.inhttps://www.sebi.gov.in/sebi_data/attachdocs/jan-2023/1674222603605_1.pdf' width='100%' style='max-height:90%; height:600px;' title=
237,237,980,https://www.sebi.gov.in/enforcement/orders/jan-2023/adjudication-order-in-respect-of-hanif-kasambhai-shekh-in-the-matter-of-v-b-industries-limited_67402.html,https://www.sebi.gov.inhttps://www.sebi.gov.in/sebi_data/attachdocs/jan-2023/1674215403935_1.pdf' width='100%' style='max-height:90%; height:600px;' title=
238,238,982,https://www.sebi.gov.in/enforcement/orders/jan-2023/adjudication-order-in-the-matter-of-securekloud-technologies-limited_67393.html,https://www.sebi.gov.inhttps://www.sebi.gov.in/sebi_data/attachdocs/jan-2023/1674212403645_2.pdf' width='100%' style='max-height:90%; height:600px;' title=
239,239,984,https://www.sebi.gov.in/enforcement/orders/jan-2023/adjudication-order-in-the-matter-of-trading-activities-of-certain-entities-in-the-scrip-of-panafic-industrials-limited-_67364.html,https://www.sebi.gov.inhttps://www.sebi.gov.in/sebi_data/attachdocs/jan-2023/1674048003446_1.pdf' width='100%' style='max-height:90%; height:600px;' title=
240,240,986,https://www.sebi.gov.in/enforcement/orders/jan-2023/adjudication-order-in-the-matter-of-keshav-securities-pvt-ltd-_67340.html,https://www.sebi.gov.inhttps://www.sebi.gov.in/sebi_data/attachdocs/jan-2023/1673869803528_1.pdf' width='100%' style='max-height:90%; height:600px;' title=
241,241,987,https://www.sebi.gov.in/enforcement/orders/jan-2023/adjudication-order-in-respect-of-roselabs-finance-ltd-in-the-matter-of-gujarat-arth-ltd-_67333.html,https://www.sebi.gov.inhttps://www.sebi.gov.in/sebi_data/attachdocs/jan-2023/1673607605999_2.pdf' width='100%' style='max-height:90%; height:600px;' title=
242,242,988,https://www.sebi.gov.in/enforcement/orders/jan-2023/adjudication-order-in-respect-of-shashi-kant-dalmia-in-the-matter-of-parag-milk-foods-limited_67331.html,https://www.sebi.gov.inhttps://www.sebi.gov.in/sebi_data/attachdocs/jan-2023/1673607605999_1.pdf' width='100%' style='max-height:90%; height:600px;' title=
243,243,991,https://www.sebi.gov.in/enforcement/orders/jan-2023/adjudication-order-in-the-matter-of-d-s-capital-venture-private-ltd-_67154.html,https://www.sebi.gov.inhttps://www.sebi.gov.in/sebi_data/attachdocs/jan-2023/1673348407936_2.pdf' width='100%' style='max-height:90%; height:600px;' title=
244,244,993,https://www.sebi.gov.in/enforcement/orders/jan-2023/adjudication-order-in-the-matter-of-dhanleela-investments-and-trading-company-limited_67156.html,https://www.sebi.gov.inhttps://www.sebi.gov.in/sebi_data/attachdocs/jan-2023/1673348407936_3.pdf' width='100%' style='max-height:90%; height:600px;' title=
245,245,994,https://www.sebi.gov.in/enforcement/orders/jan-2023/adjudication-order-in-respect-of-rap-media-limited_67120.html,https://www.sebi.gov.inhttps://www.sebi.gov.in/sebi_data/attachdocs/jan-2023/1673266802688_1.pdf' width='100%' style='max-height:90%; height:600px;' title=
246,246,995,https://www.sebi.gov.in/enforcement/orders/jan-2023/adjudication-order-in-the-matter-of-complaint-of-ms-m-vimala-against-m-s-mcs-share-transfer-agent-limited-_66976.html,https://www.sebi.gov.inhttps://www.sebi.gov.in/sebi_data/attachdocs/jan-2023/1672830005753_2.pdf' width='100%' style='max-height:90%; height:600px;' title=
247,247,996,https://www.sebi.gov.in/enforcement/orders/jan-2023/adjudication-order-in-respect-of-multi-commodity-exchange-of-india-limited_66974.html,https://www.sebi.gov.inhttps://www.sebi.gov.in/sebi_data/attachdocs/jan-2023/1672830005753_1.pdf' width='100%' style='max-height:90%; height:600px;' title=
248,248,997,https://www.sebi.gov.in/enforcement/orders/jan-2023/adjudication-order-in-respect-of-capital-grow-financial-services-proprietor-mr-prashant-gole_66905.html,https://www.sebi.gov.inhttps://www.sebi.gov.in/sebi_data/attachdocs/jan-2023/1672746608063_1.pdf' width='100%' style='max-height:90%; height:600px;' title=
249,249,998,https://www.sebi.gov.in/enforcement/orders/jan-2023/adjudication-order-against-ashokkumar-saburbhai-chavda-in-the-matter-of-purple-entertainment-ltd-_66901.html,https://www.sebi.gov.inhttps://www.sebi.gov.in/sebi_data/attachdocs/jan-2023/1672743605976_2.pdf' width='100%' style='max-height:90%; height:600px;' title=
250,250,999,https://www.sebi.gov.in/enforcement/orders/jan-2023/adjudication-order-in-respect-of-manoj-jain-and-babulal-khimraj-jain-in-the-matter-of-vandana-knitwear-limited_66899.html,https://www.sebi.gov.inhttps://www.sebi.gov.in/sebi_data/attachdocs/jan-2023/1672743605976_1.pdf' width='100%' style='max-height:90%; height:600px;' title=
